name,period,semiaxis,radius,radius_err1,radius_err2,mass,mass_err1,mass_err2,mass_sigma,teq,st_teff
55 Cnc e,0.7365474,0.01544,1.875,0.029,-0.029,7.99,0.32,-0.33,24.96875,,5172
BD+20 594 b,41.6855,,2.578,0.112,-0.112,22.2481,9.5349,-9.5349,2.333333333,,5766
CFHTWIR-Oph 98 b,8040000,200,20.849,0.56,-0.56,2479.06157,222.47988,-254.26273,11.14285737,1800,2320
COCONUTS-2 b,402000000,7506,12.442,0.336,-0.336,2002.31896,476.74261,-603.87397,4.199999996,434,3406
CoRoT-1 b,1.5089557,,16.7,0.9,-0.9,327.35,38.14,-38.14,8.582852648,1898,5950
CoRoT-10 b,13.2406,0.1055,10.87,0.78,-0.78,874,50.85,-50.85,17.18780728,600,5075
CoRoT-11 b,2.99433,0.0436,16.03,0.34,-0.34,740.51,108.06,-108.06,6.852766981,1657,6440
CoRoT-12 b,2.828042,0.04016,16.14,1.46,-1.46,291.438,22.247,-20.658,13.10010338,1442,5675
CoRoT-13 b,4.03519,0.051,9.92,0.157,-0.157,415.704,20.976,-20.976,19.8180778,1700,5945
CoRoT-14 b,1.51214,0.027,12.22,0.78,-0.78,2415.4,190.7,-190.7,12.66596749,1952,6035
CoRoT-16 b,5.35227,0.0618,13.11,1.79,-1.57,170.032,27.014,-26.379,6.294217813,,5650
CoRoT-17 b,3.7681,0.0461,11.43,0.78,-0.78,772.29,95.34,-95.34,8.100377596,1626,5740
CoRoT-18 b,1.9000693,0.0295,14.68,2.02,-2.02,1102.82,120.77,-120.77,9.13157241,1550,5440
CoRoT-19 b,3.89713,0.0518,14.46,0.34,-0.34,352.78,19.07,-19.07,18.49921342,2000,6090
CoRoT-2 b,1.7429935,0.02798,16.432,0.471,-0.493,1102.82,69.92,-69.92,15.77259725,,5625
CoRoT-21 b,2.72474,0.0417,14.572,1.569,-1.569,718.2958,98.5273,-98.5273,7.290322581,,6200
CoRoT-22 b,9.75598,0.092,4.88,0.17,-0.39,12.2,14,-8.8,0.871428571,885,5939
CoRoT-23 b,3.6313,0.048,11.77,1.46,-1.46,889.9,95.3,-95.3,9.337880378,1660,5900
CoRoT-24 c,11.759,0.098,5,0.5,-0.5,28,11,-11,2.545454545,850,4950
CoRoT-25 b,4.86069,0.0578,12.11,3.4,-1.12,85.81,12.71,-12.71,6.751376869,1330,6040
CoRoT-26 b,4.20474,0.0526,14.12,1.46,-0.78,165.26,15.89,-15.89,10.40025173,1600,5590
CoRoT-27 b,3.57532,0.0476,11.287,0.493,-0.493,3302.11,174.8,-174.8,18.89078947,1500,5900
CoRoT-28 b,5.20851,0.0603,10.705,0.74,-0.74,153.82972,27.65121,-27.65121,5.563218391,,5150
CoRoT-29 b,2.85057,0.0386,10.088,1.793,-1.793,270.1555,63.566,-63.566,4.25,,5260
CoRoT-3 b,4.2568,,11.32,0.78,-0.78,6883.91,317.8,-317.8,21.66113908,,6740
CoRoT-30 b,9.06005,0.0844,11.31,0.852,-0.852,921.707,69.9226,-69.9226,13.18181818,,5650
CoRoT-31 b,4.62941,0.0586,16.365,3.363,-3.363,266.9772,108.0622,-108.0622,2.470588235,,5700
CoRoT-35 b,3.22748,0.0429,18.831,1.233,-1.233,349.61125,117.59651,-117.59651,2.972973007,1747,6390
CoRoT-4 b,9.20205,0.09,13.34,0.67,-0.56,228.83,25.43,-25.43,8.998427055,1074,6190
CoRoT-5 b,4.0378962,0.04947,15.558,0.516,-0.527,148.42,14.937,-7.628,9.936399545,1438,6100
CoRoT-6 b,8.886593,0.0855,13.068,0.392,-0.392,940.74,108.06,-108.06,8.705719045,1017,6090
CoRoT-7 b,0.85359163,,1.681,0.112,-0.112,4.07661,1.01982,-1.01982,3.997381891,,5275
CoRoT-8 b,6.21229,0.063,6.39,0.22,-0.22,69.92,9.53,-9.53,7.33683106,,5080
CoRoT-9 b,95.272656,0.4021,11.949,0.841,-0.706,266.9772,15.8915,-15.8915,16.8,420,5625
CoRoTID 223977153 b,6.71837,0.071,6.389,0.673,-0.56,47.6745,31.783,-31.783,1.5,938,5970
EPIC 220674823 b,0.571292,0.01326,1.725,0.039,-0.039,8.21,0.76,-0.74,10.80263158,2300,5532
EPIC 220674823 c,13.3397,0.1083,2.836,0.086,-0.073,8.9,2.4,-2.4,3.708333333,805,5532
EPIC 229004835 b,16.141132,0.1237,2.332,0.08,-0.094,10.4,1.6,-1.5,6.5,804,5868
EPIC 246851721 b,6.180235,0.07229,11.781,0.493,-0.493,953.49,349.613,-381.396,2.727272727,1401,6202
EPIC 249893012 b,3.5951,0.047,1.95,0.09,-0.08,8.75,1.09,-1.08,8.027522936,1616,5430
EPIC 249893012 c,15.624,0.13,3.67,0.17,-0.14,14.67,1.84,-1.89,7.972826087,990,5430
EPIC 249893012 d,35.747,0.22,3.94,0.13,-0.12,10.18,2.46,-2.42,4.138211382,752,5430
Gaia-1 b,3.052524,0.04047,13.776,0.235,-0.235,533.95172,34.96112,-34.96112,15.27272925,,5470
Gaia-2 b,3.6915224,0.0467,14.818,0.146,-0.146,259.66581,14.93794,-14.93794,17.38297315,,5720
GJ 1132 b,1.628931,0.0153,1.13,0.056,-0.056,1.66,0.23,-0.23,7.217391304,529,3270
GJ 1214 b,1.58040433,0.0149,2.742,0.05,-0.053,8.17,0.43,-0.43,19,596,3250
GJ 1252 b,0.5182331,,1.193,0.074,-0.074,1.32,0.28,-0.28,4.714285714,,3458
GJ 143 b,35.61253,0.1915,2.61,0.17,-0.16,22.7,2.2,-1.9,10.31818182,422,4640
GJ 3090 b,2.853136,0.03165,2.13,0.11,-0.11,3.34,0.72,-0.72,4.638888889,693,3556
GJ 3470 b,3.3366496,0.0355,4.57,0.18,-0.18,13.9,1.5,-1.5,9.266666667,594,3600
GJ 3473 b,1.1980035,0.01589,1.264,0.05,-0.049,1.86,0.3,-0.3,6.2,773,3347
GJ 357 b,3.93072,,1.217,0.084,0.084,1.84,0.31,0.31,5.935483871,525,3501
GJ 367 b,0.3219225,0.00709,0.699,0.024,-0.024,0.633,0.05,-0.05,12.66,1365,3522
GJ 3929 b,2.616235,0.0252,1.09,0.04,-0.04,1.75,0.44,-0.45,3.977272727,568,3384
GJ 414 A b,50.8,0.2324,2.63,1.22,-0.85,7.6,2.44,-2.19,3.114754098,309,4120
GJ 414 A c,749.83,1.4,8.4,3.6,-2.5,53.83,9.18,-8.58,5.863834423,125,4120
GJ 436 b,2.64388312,0.0291,4.17,0.168,-0.168,22.1,2.3,-2.3,9.608695652,,
GJ 486 b,1.467119,0.01734,1.305,0.063,-0.067,2.82,0.11,-0.12,25.63636364,701,3340
GJ 9827 b,1.2089819,0.0188,1.577,0.027,-0.031,5.14,0.47,-0.47,10.93617021,1175,4305
GJ 9827 d,6.20147,0.0559,2.022,0.046,-0.043,3.53,0.87,-0.88,4.057471264,681,4305
GPX-1 b,1.744579,0.0338,16.477,1.121,-1.121,6261.21962,508.52545,-508.52545,12.31250003,2300,7000
HAT-P-1 b,4.46529976,0.05561,14.785,0.213,-0.213,166.86075,6.03877,-6.03877,27.63157895,1322,5980
HAT-P-11 b,4.88780244,0.05254,4.36,0.06,-0.06,23.4,1.5,-1.5,15.6,,4780
HAT-P-12 b,3.2130598,0.0384,10.749,0.325,-0.235,67.059,3.814,-3.814,17.58232826,963,4650
HAT-P-13 b,2.91625,,14.258,0.729,-0.729,270.462,12.077,-12.077,22.39480003,,
HAT-P-14 b,4.62767,,15.917,1.345,-1.345,1093.3352,200.2329,-200.2329,5.46031746,,6600
HAT-P-15 b,10.8635,,11.882,0.785,-0.785,616.5902,95.349,-95.349,6.466666667,,5568
HAT-P-16 b,2.77596,0.0413,14.448,0.74,-0.74,1332.605,29.875,-29.875,44.6060251,1626,6158
HAT-P-17 b,10.33852,,11.769,0.448,-0.448,184.3414,19.0698,-19.0698,9.666666667,,5246
HAT-P-18 b,5.508023,0.0559,11.153,0.583,-0.583,62.61,4.132,-4.132,15.15246854,852,4803
HAT-P-19 b,4.008778,0.0466,12.689,0.807,-0.807,92.802,5.721,-5.721,16.22128998,1010,4990
HAT-P-20 b,2.875317,0.0361,9.718,0.37,-0.37,2302.899,59.432,-59.432,38.74846884,970,4595
HAT-P-21 b,4.12448,,12.442,1.793,-1.793,1547.8321,498.9931,-498.9931,3.101910828,,5588
HAT-P-22 b,3.21222,,12.89,2.13,-2.13,785.0401,101.7056,-101.7056,7.71875,,5302
HAT-P-23 b,1.212884,0.0232,15.334,1.009,-1.009,664.237,35.278,-35.278,18.82864675,2056,5905
HAT-P-24 b,3.35524,,14.572,2.354,-2.354,238.3725,79.4575,-79.4575,3,,6373
HAT-P-25 b,3.65281514,0.0466,12.722,0.538,-0.538,180.84527,7.31009,-6.99226,24.73913043,1182,5519
HAT-P-26 b,4.23452,,7.062,0.448,-0.448,22.2481,6.3566,-6.3566,3.5,,5079
HAT-P-27 b,3.039577,0.04,11.43,0.78,-0.67,197.05,9.53,-9.53,20.67681007,,5316
HAT-P-28 b,3.257215,0.0434,13.585,1.267,-0.919,198.953,11.759,-11.759,16.91921082,1384,5680
HAT-P-29 b,5.72319,,13.115,1.457,-1.457,279.6904,79.4575,-79.4575,3.52,,6087
HAT-P-3 b,2.8997,,10.536,0.785,-0.785,206.5895,34.9613,-34.9613,5.909090909,,5185
HAT-P-30 b,2.8106,,16.141,1.681,-1.681,263.7989,57.2094,-57.2094,4.611111111,,6304
HAT-P-31 b,5.00542,,12.218,1.681,-1.681,721.4741,266.9772,-266.9772,2.702380952,,6065
HAT-P-32 b,2.1500082,0.03397,22.194,0.504,-0.504,216.1244,34.9613,-31.783,6.181818182,1836,6001
HAT-P-33 b,3.47447,,20.737,5.492,-5.492,292.4036,158.915,-158.915,1.84,,6446
HAT-P-34 b,5.452654,0.06774,13.417,1.457,-1.031,1058.3739,66.7443,-63.566,15.85714286,,6442
HAT-P-35 b,3.646706,0.04978,14.93,1.098,-1.098,335.62848,10.48839,-10.48839,32,,6096
HAT-P-36 b,1.32734683,0.0241,14.314,0.224,-0.224,587.41341,27.65121,-27.65121,21.24367831,1781,5620
HAT-P-37 b,2.797436,0.0379,13.204,0.863,-0.863,371.528,32.735,-32.735,11.34956469,1271,5500
HAT-P-38 b,4.640382,0.0523,9.247,1.031,-0.706,84.857,6.356,-6.356,13.35069226,1082,5330
HAT-P-39 b,3.54387,0.0509,17.609,1.211,-0.908,190.372,31.464,-31.464,6.050470379,1752,6430
HAT-P-4 b,3.056536,0.04438,14.28,0.549,-0.673,213.255,10.488,-13.984,20.33323799,1686,5860
HAT-P-40 b,4.45724,,17.038,1.906,-1.906,152.5584,41.3179,-41.3179,3.692307692,,6080
HAT-P-41 b,2.69405,,22.978,5.604,-5.604,378.2177,190.698,-190.698,1.983333333,,6390
HAT-P-42 b,4.641878,0.0575,14.348,1.715,-1.715,331.801,26.379,-26.379,12.5782251,1428,5743
HAT-P-44 b,4.301219,0.0507,13.922,1.188,-0.572,111.871,9.217,-9.217,12.13746338,1108,5295
HAT-P-45 b,3.128992,0.0452,15.984,1.962,-0.975,283.492,43.541,-31.464,6.510920741,1652,6330
HAT-P-46 b,4.463129,0.0577,14.392,3.038,-1.491,156.684,26.061,-16.526,6.012202141,1458,6120
HAT-P-49 b,2.69155,,17.822,2.018,-2.018,699.226,187.5197,-187.5197,3.728813559,,6820
HAT-P-5 b,2.78849,,13.563,1.121,-1.121,311.4734,63.566,-63.566,4.9,,5960
HAT-P-50 b,3.1220109,0.0453,14.437,0.717,-0.717,429.0705,23.20159,-23.20159,18.49315068,1862,6280
HAT-P-51 b,4.2180278,0.05069,14.493,0.605,-0.605,98.20947,5.72094,-5.72094,17.16666667,1192,5449
HAT-P-52 b,2.7535953,0.03694,11.31,0.807,-0.807,259.98494,9.21707,-9.21707,28.20689655,1218,5131
HAT-P-53 b,1.9616241,0.03159,14.773,1.02,-1.02,471.65972,17.79848,-17.79848,26.5,1778,5956
HAT-P-54 b,3.799847,0.04117,10.581,0.314,-0.314,241.5508,10.17056,-10.17056,23.75,818,4390
HAT-P-55 b,3.5852467,0.04604,13.249,0.616,-0.616,184.97706,17.79848,-17.79848,10.39285714,1313,5808
HAT-P-56 b,2.79083,,16.926,1.233,-1.233,734.1873,139.8452,-139.8452,5.25,,6566
HAT-P-57 b,2.4653,,19.504,4.035,-4.035,448.1403,483.1016,-483.1016,0.927631579,,6330
HAT-P-58 b,4.0138379,0.04994,14.93,0.482,-0.482,118.23217,9.53485,-9.53485,12.40000315,1622,6078
HAT-P-59 b,4.1419771,0.05064,12.588,0.146,-0.146,489.45575,21.2945,-21.2945,22.98507831,1278,5678
HAT-P-6 b,3.85298,,16.589,1.681,-1.681,419.5356,95.349,-95.349,4.4,,6570
HAT-P-60 b,4.7947813,0.06277,18.282,0.269,-0.269,182.43351,12.07748,-12.07748,15.10526285,1772,6212
HAT-P-61 b,1.90231289,0.0301,10.077,0.303,-0.303,335.94463,22.24799,-22.24799,15.09999915,1505,5587
HAT-P-62 b,2.6453235,0.03772,12.027,0.325,-0.325,241.86742,27.9689,-27.9689,8.647727297,1512,5629
HAT-P-63 b,3.377728,0.04294,12.543,0.37,-0.37,195.14664,7.62788,-7.62788,25.58333901,1237,5400
HAT-P-64 b,4.007232,0.05387,19.089,0.785,-0.785,184.34048,57.20911,-41.31769,3.222222475,1766,6457
HAT-P-65 b,2.6054552,0.03951,21.185,1.457,-1.457,167.49641,26.37989,-26.37989,6.34939759,1930,5835
HAT-P-66 b,2.972086,0.04363,17.822,1.793,-1.121,248.86089,18.11631,-18.11631,13.73684211,1896,6002
HAT-P-67 b,4.8101025,0.06505,23.371,1.076,-0.796,108.0622,79.4575,-60.3877,1.36,1903,6406
HAT-P-68 b,2.29840551,0.02996,12.016,0.135,-0.135,230.10892,13.66669,-13.66669,16.8372093,1028,4508
HAT-P-69 b,4.7869491,0.06555,18.786,0.572,-0.37,1137.8314,184.3414,-184.3414,6.172413793,1930,7394
HAT-P-7 b,2.20474,,16.926,2.354,-2.354,584.8072,168.4499,-168.4499,3.471698113,,6389
HAT-P-8 b,3.07634,,15.693,1.457,-1.457,406.8224,85.8141,-85.8141,4.740740741,,6200
HAT-P-9 b,3.92281072,0.05287,15.614,0.751,-0.729,238.05467,20.34112,-20.02329,11.703125,1540,6350
HATS-1 b,3.446459,0.0444,14.594,1.816,-1.098,589.55,83.268,-62.292,7.080150838,1359,5870
HATS-10 b,3.312846,0.04491,10.862,0.684,-0.504,167.17858,25.74423,-25.74423,6.49382716,1407,5880
HATS-13 b,3.0440499,0.04057,13.585,0.392,-0.392,172.58169,22.88376,-22.88376,7.541666667,1244,5523
HATS-14 b,2.7667641,0.03815,11.646,0.359,-0.247,340.39593,22.2481,-22.2481,15.3,1276,5346
HATS-15 b,1.74748753,0.02712,12.386,0.448,-0.448,689.6911,47.6745,-47.6745,14.46666667,1505,5311
HATS-16 b,2.686502,0.03744,14.572,1.681,-1.681,1039.3041,60.3877,-60.3877,17.21052632,1592,5738
HATS-17 b,16.254611,0.1308,8.709,0.628,-0.628,425.25654,20.65895,-20.65895,20.58461538,814,5846
HATS-18 b,0.83784,0.0174,14.897,0.841,-0.841,629.14449,24.15508,-24.15508,26.04605284,2069,5600
HATS-2 b,1.354133,0.023,13.092,0.336,-0.336,427.463,47.672,-47.672,8.966751972,1577,5227
HATS-22 b,4.7228124,0.05025,10.682,0.538,-0.325,870.8542,34.9613,-34.9613,24.90909091,858,4803
HATS-23 b,2.1605156,0.03397,20.849,3.363,-4.484,467.2101,22.88376,-22.88376,20.41666667,1654,5780
HATS-24 b,1.3484978,0.0238,15.637,0.639,-0.639,718.2958,54.0311,-54.0311,13.29411765,2166,6125
HATS-25 b,4.2986432,0.05163,14.123,1.121,-1.121,194.82979,13.34886,-13.34886,14.5952381,1277,5715
HATS-26 b,3.3023881,0.04735,19.616,2.354,-2.354,206.5895,24.15508,-24.15508,8.552631579,1918,6071
HATS-27 b,4.637038,0.0611,16.814,2.242,-1.233,168.4499,41.3179,-41.3179,4.076923077,1659,6438
HATS-28 b,3.1810781,0.04131,13.384,0.785,-0.785,213.58176,27.65121,-27.65121,7.724137931,1253,5498
HATS-29 b,4.6058749,0.05475,14.022,0.684,-0.684,207.54299,20.02329,-20.02329,10.36507937,1212,5670
HATS-3 b,3.547851,0.0485,15.48,0.392,-0.392,340.382,43.223,-43.223,7.875020244,1648,6351
HATS-30 b,3.1743516,0.04354,13.171,0.583,-0.583,224.38798,12.39537,-12.39537,18.1025641,1414,5943
HATS-31 b,3.37796,0.0478,18.383,2.466,-2.466,279.6904,38.1396,-38.1396,7.333333333,1823,6050
HATS-32 b,2.8126548,0.04024,14,1.614,-1.076,292.4036,31.783,-31.783,9.2,1437,5700
HATS-33 b,2.5495551,0.03727,13.787,1.255,-0.908,378.85336,16.84499,-16.84499,22.49056604,1429,5659
HATS-34 b,2.1061607,0.03166,16.029,2.13,-2.13,299.07803,22.88376,-22.88376,13.06944444,1445,5380
HATS-35 b,1.8209993,0.03199,16.41,0.773,-0.493,388.38826,24.79074,-24.79074,15.66666667,2037,6300
HATS-37 A b,4.3315366,0.04913,6.793,0.179,-0.179,31.46517,13.34886,-13.34886,2.357142857,1085,5326
HATS-38 b,4.375021,0.05036,6.882,0.191,-0.191,23.51942,3.49613,-3.49613,6.727272727,1294,5732
HATS-39 b,4.5776348,0.06007,17.598,1.345,-1.345,200.2329,41.3179,-41.3179,4.846153846,1645,6572
HATS-4 b,2.516729,0.0362,11.433,0.415,-0.415,420.471,8.899,-8.899,47.24924149,1315,5403
HATS-40 b,3.2642736,0.04997,17.71,1.793,-1.345,505.3497,76.2792,-76.2792,6.625,2101,6460
HATS-41 b,4.193649,0.0583,14.908,3.251,-2.242,3082.951,508.528,-508.528,6.0625,1710,6424
HATS-42 b,2.292102,0.03689,15.693,2.802,-1.569,597.5204,47.6745,-47.6745,12.53333333,1856,6060
HATS-43 b,4.3888497,0.04944,13.227,0.56,-0.56,82.95363,17.16282,-17.16282,4.833333333,1003,5099
HATS-44 b,2.7439004,0.03649,11.96,1.401,-0.796,177.9848,34.9613,-34.9613,5.090909091,1161,5080
HATS-45 b,4.1876244,0.05511,14.415,1.042,-1.042,222.481,47.6745,-47.6745,4.666666667,1518,6450
HATS-46 b,4.7423729,0.05367,10.122,0.65,-0.504,54.98459,19.70546,-19.70546,2.790322581,1054,5495
HATS-47 b,3.9228038,0.04269,12.52,0.157,-0.157,117.27927,9.85273,-6.67443,11.90322581,853,4512
HATS-48 A b,3.1316666,0.03769,8.967,0.168,-0.168,77.23269,6.99226,-9.5349,11.04545455,955,4546
HATS-49 b,4.1480467,0.04515,8.575,0.146,-0.146,112.19399,12.07754,-8.58141,9.289473684,835,4405
HATS-5 b,4.763387,0.0542,10.223,0.28,-0.28,75.323,3.814,-3.914,19.74908233,1025,5304
HATS-50 b,3.8297015,0.05046,12.666,0.841,-0.841,123.9537,31.783,-31.783,3.9,,5990
HATS-51 b,3.3488702,0.04639,15.805,2.13,-2.13,244.09344,14.30235,-14.30235,17.06666667,1553,5758
HATS-52 b,1.36665436,0.02498,15.491,0.964,-0.964,711.9392,47.6745,-47.6745,14.93333333,1834,6010
HATS-53 b,3.8537768,0.04753,15.02,0.628,-0.628,189.10885,28.28687,-28.28687,6.685393258,1312,5644
HATS-54 b,2.5441765,0.037,11.377,0.269,-0.269,239.32479,18.11622,-18.11622,13.21052571,1429,5621
HATS-55 b,4.2042001,0.05412,14.022,0.291,-0.291,292.72143,24.15508,-24.15508,12.11842105,1367,6214
HATS-56 b,4.324799,0.06043,18.921,0.437,-0.616,191.33366,11.12405,-11.12405,17.2,1902,6536
HATS-57 b,2.350621,0.03493,12.767,0.314,-0.314,1000.21101,23.20159,-23.20159,43.10958904,1413,5587
HATS-58 A b,4.2180896,0.05798,12.274,0.695,-0.695,327.3649,73.1009,-73.1009,4.47826087,1721,7175
HATS-59 b,5.416081,0.06112,12.621,0.863,-0.863,256.17098,21.93027,-21.93027,11.68115942,1128,5670
HATS-6 b,3.3252725,0.03623,11.187,0.213,-0.213,101.38777,22.2481,-22.2481,4.557142857,713,3724
HATS-60 b,3.560829,0.04708,12.924,0.594,-0.594,210.40346,17.48065,-17.48065,12.03636364,1528,5688
HATS-61 b,7.817953,0.07908,13.395,0.751,-0.751,1080.622,44.4962,-44.4962,24.28571429,1226,5542
HATS-63 b,3.0566527,0.04026,13.529,0.437,-0.437,305.1168,38.1396,-38.1396,8,1398,5627
HATS-64 b,4.908897,0.06562,18.82,0.908,-0.908,305.1168,63.566,-63.566,4.8,1793,6554
HATS-65 b,3.105161,0.04497,16.825,0.56,-0.56,260.93843,26.37989,-26.37989,9.891566265,1634,6277
HATS-66 b,3.1414391,0.04714,15.816,0.942,-0.942,1694.0339,216.1244,-216.1244,7.838235294,1998,6626
HATS-67 b,1.6091788,0.03032,18.887,0.527,-0.527,460.8535,38.1396,-38.1396,12.08333333,2193,6594
HATS-68 b,3.5862202,0.05071,13.809,0.437,-0.325,410.0007,18.75197,-18.75197,21.86440678,1741,6147
HATS-7 b,3.185315,0.04012,6.311,0.516,-0.381,38.1396,3.81396,-3.81396,10,1084,4985
HATS-70 b,1.8882378,0.03632,15.513,0.886,-0.829,4100.007,572.094,-508.528,7.166666667,2730,7930
HATS-71 b,3.7955202,0.03745,11.478,0.202,-0.202,117.5971,76.2792,-76.2792,1.541666667,587,3405
HATS-72 b,7.3279474,0.066517,8.097,0.036,-0.036,39.85588,1.23954,-1.23954,32.15376672,739,4656.1
HATS-74 A b,1.73185606,0.02384,11.568,0.235,-0.235,464.02947,44.49598,-44.49598,10.42857063,895,3776.9
HATS-75 b,2.7886556,0.032742,9.909,0.146,-0.146,156.05375,12.39531,-12.39531,12.5897416,772,3790.4
HATS-76 b,1.9416423,0.02658,12.094,0.347,-0.347,835.57088,28.28673,-28.28673,29.53932392,940,4016
HATS-77 b,3.0876262,0.03607,13.058,0.235,-0.235,436.69623,31.78284,-23.5193,13.74000026,828,4071
HATS-8 b,3.583893,0.04667,9.785,1.379,-0.841,43.86054,6.03877,-6.03877,7.263157895,1324,5679
HD 106315 b,9.55237,0.0907,2.44,0.17,-0.17,12.6,3.2,-3.2,3.9375,1153,6327
HD 106315 c,21.05704,0.1536,4.35,0.23,-0.23,15.2,3.7,-3.7,4.108108108,886,6327
HD 110113 b,2.541,0.035,2.05,0.12,-0.12,4.55,0.62,-0.62,7.338709677,1371,5732
HD 114082 b,109.75,0.5109,11.209,0.336,-0.336,2542.62726,317.82841,-317.82841,7.999999937,,6651
HD 136352 b,11.57797,0.0964,1.664,0.043,-0.043,4.72,0.42,-0.42,11.23809524,905,5664
HD 136352 c,27.59221,0.1721,2.916,0.075,-0.073,11.24,0.65,-0.63,17.29230769,677,5664
HD 136352 d,107.245,0.425,2.562,0.088,-0.079,8.82,0.93,-0.92,9.483870968,431,5664
HD 137496 b,1.62116,0.02732,1.31,0.06,-0.05,4.04,0.55,-0.55,7.345454545,2130,5799
HD 1397 b,11.53533,0.1097,11.5,0.28,-0.303,131.89945,6.3566,-6.3566,20.75,1228,5521
HD 149026 b,2.87589,,8.295,0.224,-0.224,120.7754,19.0698,-19.0698,6.333333333,,6179
HD 152843 b,11.6264,0.1053,3.41,0.14,-0.12,11.56,6.58,-6.14,1.756838906,,6310
HD 15337 b,4.75615,0.0522,1.64,0.06,-0.06,7.51,1.09,-1.01,6.889908257,1001,5125
HD 15337 c,17.1784,0.1268,2.39,0.12,-0.12,8.11,1.82,-1.69,4.456043956,642,5125
HD 17156 b,21.21663,,12.33,0.336,-0.336,1115.5833,66.7443,-66.7443,16.71428571,,6040
HD 183579 b,17.471278,0.1334,3.55,0.15,-0.12,19.7,4,-3.9,4.925,769,5788
HD 18599 b,4.1374354,0.048,2.6,0.15,-0.13,24.1,7.1,-7.7,3.394366197,,5145
HD 189733 b,2.21857567,,12.666,0.112,-0.112,359.1479,25.4264,-25.4264,14.125,,5052
HD 191939 b,8.8803256,0.0804,3.41,0.075,-0.075,10,0.7,-0.7,14.28571429,880,5348
HD 191939 c,28.579743,0.1752,3.195,0.075,-0.075,8,1,-1,8,600,5348
HD 191939 d,38.353037,0.2132,2.995,0.07,-0.07,2.8,0.6,-0.6,4.666666667,540,5348
HD 202772 A b,3.308958,0.05208,17.318,0.583,-0.673,323.23311,22.2481,-21.61244,14.52857143,2132,6272
HD 20329 b,0.926118,0.018,1.72,0.07,-0.07,7.42,1.09,-1.09,6.80733945,2141,5596
HD 206893 b,9350,9.6,14.011,0.224,-0.224,8899.1954,699.2225,-667.43965,12.72727265,1429,
HD 206893 c,2090,3.53,16.365,2.018,-0.673,4036.42077,381.39409,-317.82841,10.58333329,1182,
HD 207496 b,6.441008,0.0629,2.25,0.12,-0.1,6.1,1.6,-1.6,3.8125,743,4819
HD 207897 b,16.202159,0.1163,2.501,0.082,-0.078,14.4,1.6,-1.6,9,632,5070
HD 209458 b,3.52474859,,15.581,0.224,-0.224,232.0159,12.7132,-12.7132,18.25,,6091
HD 213885 b,1.008035,0.02012,1.745,0.051,-0.052,8.83,0.66,-0.65,13.37878788,2128,5978
HD 219134 b,3.092926,0.03876,1.602,0.055,-0.055,4.74,0.19,-0.19,24.94736842,1015,4699
HD 219134 c,6.76458,0.0653,1.511,0.047,-0.047,4.36,0.22,-0.22,19.81818182,782,4699
HD 221416 b,14.2767,0.1228,9.17,0.34,-0.31,60.5,5.7,-5.7,10.61403509,,5080
HD 23472 b,17.667087,0.1162,2,0.11,-0.1,8.32,0.78,-0.79,10.66666667,543,4684
HD 23472 c,29.79749,0.1646,1.87,0.12,-0.11,3.41,0.88,-0.81,3.875,467,4684
HD 23472 d,3.97664,0.04298,0.75,0.067,-0.057,0.55,0.21,-0.2,2.619047619,909,4684
HD 23472 e,7.90754,0.068,0.818,0.08,-0.065,0.72,0.28,-0.27,2.571428571,723,4684
HD 23472 f,12.1621839,0.0906,1.137,0.084,-0.077,0.77,0.44,-0.4,1.75,630,4684
HD 260655 b,2.76953,0.02933,1.24,0.023,-0.023,2.14,0.34,-0.34,6.294117647,709,3803
HD 260655 c,5.70588,0.04749,1.533,0.051,-0.046,3.09,0.48,-0.48,6.4375,557,3803
HD 2685 b,4.12688,0.0568,16.141,0.56,-0.56,371.8611,38.1396,-38.1396,9.75,2061,6801
HD 28109 b,22.89104,0.1357,2.199,0.098,-0.1,18.496,9.12,-7.609,2.028070175,881,6120
HD 28109 c,56.00819,0.308,4.23,0.11,-0.11,7.943,4.227,-3.046,1.87911048,585,6120
HD 28109 d,84.25999,0.411,3.25,0.11,-0.11,5.681,2.738,-2.11,2.074872169,506,6120
HD 3167 b,0.959641,0.01796,1.67,0.17,-0.1,4.97,0.24,-0.23,20.70833333,1774,5261
HD 3167 c,29.8454,0.1776,3,0.45,-0.21,11.13,0.78,-0.74,14.26923077,564,5261
HD 332231 b,18.71204,0.1436,9.718,0.303,-0.28,77.55052,6.67443,-6.67443,11.61904762,876,6089
HD 5278 b,14.339156,0.1202,2.45,0.05,-0.05,7.8,1.5,-1.4,5.2,943,6203
HD 63935 b,9.058811,,2.99,0.14,-0.14,10.8,1.8,-1.8,6,911,5534
HD 63935 c,21.4023,,2.9,0.13,-0.13,11.1,2.4,-2.4,4.625,684,5534
HD 73583 c,18.87974,0.1242,2.39,0.1,-0.09,9.7,1.8,-1.7,5.388888889,498,4511
HD 80606 b,111.4367,,11.994,0.336,-0.336,1392.0954,235.1942,-235.1942,5.918918919,,5561
HD 80653 b,0.719573,0.01661,1.613,0.071,-0.071,5.72,0.36,-0.35,15.88888889,2463,5959
HD 86226 c,3.98442,0.049,2.16,0.08,-0.08,7.25,1.19,-1.12,6.092436975,1311,5863
HD 89345 b,11.8143,0.1066,7.398,0.314,-0.336,34.9613,5.40311,-5.72094,6.470588235,1089,5576
HD 93963 A b,1.0391353,0.02085,1.35,0.042,-0.042,7.8,3.2,-3.2,2.4375,2042,5987
HD 93963 A c,3.6451398,0.04813,3.228,0.059,-0.059,19.2,4.1,-4.1,4.682926829,1344,5987
HD 95338 b,55.087,0.262,3.89,0.19,-0.2,42.44,2.22,-2.08,19.11711712,385,5212
HD 97658 b,9.4897116,,2.12,0.06,-0.06,8.3,1.1,-1.1,7.545454545,751,5212
HIP 116454 b,9.0949,0.07765,2.53,0.18,-0.18,10.1,1.2,-1.1,8.416666667,745,5089
HIP 29442 b,13.63083,0.107,3.48,0.07,-0.08,9.6,0.8,-0.8,12,777,5289
HIP 29442 c,3.53796,0.0436,1.58,0.1,-0.11,4.5,0.3,-0.3,15,1217,5289
HIP 29442 d,6.42975,0.0649,1.37,0.11,-0.11,5.1,0.4,-0.4,12.75,998,5289
HIP 65 A b,0.9809734,0.01782,22.754,6.837,-5.492,1021.18779,24.79074,-24.79074,41.19230769,1411,4590
HIP 75056 A b,47000,30,22.418,5.604,-5.604,7945.71018,1589.14204,-1589.14204,4.999999987,2300,
HIP 9618 b,20.772907,0.1438,3.9,0.044,-0.044,10,3.1,-3.1,3.225806452,663,5609
HIP 97166 b,10.28891,0.089,2.74,0.13,-0.13,20,1.5,-1.5,13.33333333,757,5198
HR 8799 b,170000,68,13,1,-1,2000,1000,-600,2,,
HR 8799 c,69000,38,13,1,0,3000,1000,-1000,3,,
HR 8799 d,37000,24,13,1,0,3000,1000,-1000,3,,
K2-10 b,19.3044,,3.84,0.35,-0.34,27,17,-16,1.588235294,,5620
K2-100 b,1.6739035,0.0301,3.88,0.16,-0.16,21.8,6.2,-6.2,3.516129032,1841,5945
K2-110 b,13.86375,0.10207,2.592,0.098,-0.097,15.9,2.7,-2.7,5.888888889,638,5010
K2-111 b,5.3518,0.0565,1.82,0.11,-0.09,5.58,0.74,-0.73,7.540540541,1309,5775
K2-114 b,11.3909311,0.0943,10.447,0.347,-0.347,638.8351,38.13941,-38.13941,16.74999954,701,4920
K2-131 b,0.3693038,0.00936,1.69,0.085,-0.058,7.9,1.3,-1.3,6.076923077,2223,5120
K2-132 b,9.1751,,14.572,0.785,-0.785,155.7367,19.0698,-19.0698,8.166666667,,4840
K2-136 c,17.30713,0.1185,3,0.13,-0.13,18.1,1.9,-1.8,9.526315789,470,4500
K2-138 b,2.35309,0.03385,1.51,0.11,-0.084,3.1,1.05,-1.05,2.952380952,,5356.3
K2-138 c,3.56004,0.04461,2.299,0.12,-0.087,6.31,1.13,-1.23,5.584070796,,5356.3
K2-138 d,5.40479,0.05893,2.39,0.104,-0.084,7.92,1.39,-1.35,5.697841727,,5356.3
K2-138 e,8.26146,0.0782,3.39,0.156,-0.11,12.97,1.98,-1.99,6.550505051,,5356.3
K2-138 f,12.75758,0.10447,2.904,0.164,-0.111,1.63,2.12,-1.18,0.768867925,,5356.3
K2-138 g,41.96797,0.23109,3.013,0.303,-0.251,4.32,5.26,-3.03,0.821292776,,5356.3
K2-140 b,6.569188,0.068,13.563,1.009,-1.009,295.58042,12.71314,-12.71314,23.24999331,962,5585
K2-141 b,0.2803244,0.00747,1.51,0.05,-0.05,4.97,0.35,-0.34,14.2,2103,4570
K2-146 b,2.6446,,2.05,0.06,-0.06,5.77,0.18,-0.18,32.05555556,,3385
K2-146 c,4.00498,,2.19,0.07,-0.07,7.49,0.24,-0.24,31.20833333,,3385
K2-167 b,9.97748,0.091,2.3,0.21,-0.14,6.5,1.6,-1.5,4.0625,1174,6011
K2-18 b,32.939623,0.1429,2.37,0.22,-0.22,8.92,1.7,-1.6,5.247058824,284,3457
K2-182 b,4.7369683,0.0526,2.69,0.07,-0.05,20,5,-5,4,969,5170
K2-19 b,7.9222,,7,0.2,-0.2,32.4,1.7,-1.7,19.05882353,,5322
K2-19 c,11.8993,,4.1,0.2,-0.2,10.8,0.6,-0.6,18,,5322
K2-199 b,3.2253993,0.0382,1.73,0.05,-0.04,6.9,1.8,-1.8,3.833333333,913,4491
K2-199 c,7.3744897,0.0662,2.85,0.1,-0.09,12.4,2.3,-2.3,5.391304348,694,4491
K2-216 b,2.1748,0.028,1.75,0.17,-0.1,8,1.6,-1.6,5,1103,4503
K2-222 b,15.38857,0.1206,2.35,0.08,-0.07,8.7,1.7,-1.7,5.117647059,871,5942
K2-232 b,11.168454,0.10356,11.209,0.247,-0.224,126.49634,11.75971,-11.75971,10.75675676,1030,6154
K2-237 b,2.18053539,0.03558,16.197,0.549,-0.504,433.20012,34.96112,-29.24021,12.39091082,1828,6360
K2-238 b,3.20466,0.046,14.572,1.681,-1.569,273.3338,41.3179,-38.1396,6.615384615,1587,5630
K2-24 b,20.88977,,5.4,0.2,-0.2,19,2.2,-2.1,8.636363636,,5625
K2-24 c,42.3391,,7.5,0.3,-0.3,15.4,1.9,-1.8,8.105263158,,5625
K2-25 b,3.48456408,0.0287,3.44,0.12,-0.12,24.5,5.7,-5.2,4.298245614,494,3207
K2-260 b,2.6266657,0.0404,17.396,0.538,-0.639,451.3186,98.5273,-101.7056,4.580645161,1957,6367
K2-261 b,11.633478,0.1034,9.528,0.392,-0.381,59.75174,7.94571,-7.94571,7.520000101,1046,5445
K2-263 b,50.818947,0.2573,2.41,0.12,-0.12,14.9,2.1,-2.1,7.095238095,470,5368
K2-265 b,2.369172,0.03376,1.71,0.11,-0.11,6.54,0.84,-0.84,7.785714286,,5477
K2-266 b,0.658524,0.01306,3.3,1.8,-1.3,11.26782,11.3712,-11.3712,0.990908611,1515,4285
K2-266 c,7.814,0.0679,0.705,0.096,-0.085,0.29013,0.17008,-0.17008,1.705844309,664,4285
K2-266 d,14.697,0.1035,2.93,0.14,-0.12,8.9,5.7,-3.8,1.561403509,538,4285
K2-266 e,19.482,0.1249,2.73,0.14,-0.11,14.3,6.4,-5,2.234375,490,4285
K2-27 b,6.771315,0.06702,4.48,0.23,-0.23,30.9,4.6,-4.6,6.717391304,902,5248
K2-280 b,19.89526,0.1461,7.5,0.44,-0.44,37.1,5.6,-5.6,6.625,787,5500
K2-285 b,3.471745,0.03817,2.59,0.06,-0.06,9.68,1.21,-1.37,8,1089,4975
K2-285 c,7.138048,0.0824,3.53,0.08,-0.08,15.68,2.28,-2.13,6.877192982,741,4975
K2-287 b,14.893291,0.1206,9.494,0.146,-0.146,100.11645,8.58141,-8.58141,11.66666667,804,5695
K2-29 b,3.2588321,0.04217,13.339,0.224,-0.224,232.0159,12.7132,-12.7132,18.25,1171,5358
K2-290 c,48.36685,0.305,11.276,0.56,-0.56,246.00042,14.93801,-14.93801,16.46808511,676,6302
K2-291 b,2.225177,0.03261,1.589,0.095,-0.072,6.49,1.16,-1.16,5.594827586,,5520
K2-292 b,16.9841,0.13,2.63,0.11,-0.1,24.5,4.4,-4.4,5.568181818,795,5725
K2-295 b,4.024867,0.0451,10.054,0.123,-0.056,106.47305,19.70546,-19.70546,5.403225806,852,4444
K2-3 b,10.0546535,0.0747,2.078,0.076,-0.067,5.11,0.65,-0.64,7.861538462,501,3844
K2-3 c,24.646729,0.1357,1.582,0.057,-0.051,2.68,0.85,-0.85,3.152941176,372,3844
K2-30 b,4.098503,0.04839,11.646,0.56,-0.572,184.02357,8.89924,-8.58141,20.67857143,1092,5425
K2-31 b,1.25785,0.022,11.882,3.923,-3.923,563.83042,25.10857,-25.10857,22.4556962,,5280
K2-32 b,8.992,0.0795,5.299,0.191,-0.191,15,1.8,-1.7,8.333333333,837,5271
K2-32 c,20.66093,0.13843,3.134,0.123,-0.102,8.1,2.4,-2.4,3.375,634,5271
K2-32 d,31.71701,0.18422,3.484,0.112,-0.129,6.7,2.5,-2.5,2.68,550,5271
K2-32 e,4.34934,0.04899,1.212,0.052,-0.046,2.1,1.3,-1.1,1.615384615,1066,5271
K2-329 b,12.4551225,0.1016,8.676,0.291,-0.269,82.6358,6.3566,-6.99226,13,650,5282
K2-36 b,1.422614,0.02288,1.43,0.08,-0.08,4.3,1.4,-1.4,3.071428571,1328,4916
K2-36 c,5.340888,0.05528,3.2,0.3,-0.3,7.9,2.8,-2.8,2.821428571,854,4916
K2-38 b,4.01593,0.0503,1.655,0.096,-0.096,7.7,1.2,-1.1,6.416666667,1310,5705
K2-38 c,10.56103,0.0959,2.49,0.22,-0.22,7.4,1.4,-1.3,5.285714286,949,5705
K2-39 b,4.60543,,6.277,1.681,-1.681,28.6047,15.8915,-15.8915,1.8,,4881
K2-60 b,3.00265,0.045,7.656,0.415,-0.415,135.39558,11.75971,-11.75971,11.51351351,1400,5500
K2-66 b,5.06963,0.05983,2.49,0.34,-0.24,21.3,3.6,-3.6,5.916666667,1372,5887
K2-79 b,10.9947,0.0988,4.09,0.17,-0.12,9.2,2.4,-2.4,3.833333333,1022,5897
KELT-1 b,1.217514,0.02466,12.442,0.359,-0.247,8654.15,158.908,-152.552,54.46012787,,6518
KELT-10 b,4.1662739,0.0525,15.681,0.773,-0.549,215.80657,12.39537,-12.07754,17.41025641,1377,5948
KELT-11 b,4.7361,,15.132,1.121,-1.121,54.34893,4.76745,-4.76745,11.4,,5375
KELT-12 b,5.031623,0.06708,19.952,1.906,-1.793,301.9385,44.4962,-44.4962,6.785714286,1800,6279
KELT-14 b,1.7100566,0.03005,19.537,0.527,-0.527,408.09372,10.17056,-10.17056,40.125,1970,5720
KELT-15 b,3.32944,,19.504,2.242,-2.242,416.3573,136.6669,-136.6669,3.046511628,,6003
KELT-16 b,0.9689951,0.02044,15.861,0.942,-0.751,874.0325,50.8528,-47.6745,17.1875,2453,6236
KELT-17 b,3.0801716,0.04881,17.094,0.729,-0.673,416.3573,88.9924,-92.1707,4.678571429,2087,7454
KELT-18 b,2.8717518,0.0455,17.598,0.471,-0.404,375.0394,34.9613,-34.9613,10.72727273,2085,6670
KELT-2 A b,4.11379,,15.132,0.897,-0.897,540.311,69.9226,-69.9226,7.727272727,,6327
KELT-23 A b,2.255251,0.03302,14.83,0.28,-0.28,298.12454,15.25584,-13.98452,19.54166667,1561,5899
KELT-24 b,5.5514926,0.06969,14.258,0.235,-0.235,1646.3594,66.7443,-69.9226,24.66666667,1459,6509
KELT-3 b,2.70339,,17.486,1.233,-1.233,616.5902,104.8839,-104.8839,5.878787879,,6304
KELT-4 A b,2.9895932,0.04317,19.044,0.516,-0.504,286.68266,19.0698,-18.75197,15.03333333,1823,6206
KELT-6 b,7.8457,,14.572,1.009,-1.009,165.2716,38.1396,-38.1396,4.333333333,,6102
KELT-7 b,2.73477,,17.934,0.673,-0.673,441.7837,69.9226,-69.9226,6.318181818,,6768
KELT-8 b,3.24406,,18.159,1.121,-1.121,209.7678,38.1396,-38.1396,5.5,,5754
KELT-9 b,1.4811235,0.03462,21.196,0.684,-0.594,915.3504,266.9772,-266.9772,3.428571429,4050,10170
Kepler-10 b,0.8374907,0.01685,1.47,0.03,-0.02,3.26,0.3,-0.3,10.86666667,2188,5708
Kepler-10 c,45.294301,0.241,2.355,0.022,-0.022,11.4,1.3,-1.3,8.769230769,578,5708
Kepler-100 b,6.88705,,1.32,0.04,-0.04,7.34,3.2,-3.2,2.29375,,5825
Kepler-101 b,3.4876812,0.0474,5.77,0.85,-0.79,51.1,5.1,-4.7,10.01960784,1513,5667
Kepler-102 d,10.311767,0.08618,1.154,0.058,-0.058,3,1.3,-1.3,2.307692308,686,4909
Kepler-102 e,16.1456994,0.1162,2.17,0.11,-0.11,4.7,1.8,-1.8,2.611111111,590,4909
Kepler-103 b,15.9653287,0.13223,3.486,0.057,-0.054,9.8,3.9,-3.9,2.512820513,973,6009
Kepler-103 c,179.60978,0.6639,5.45,0.18,-0.18,38,17,-16,2.235294118,434,6009
Kepler-105 c,7.1262,,1.31,0.07,-0.07,4.6,0.92,-0.85,5,,5827
Kepler-106 c,13.5708,,2.5,0.32,-0.32,10.44,3.2,-3.2,3.2625,,5858
Kepler-106 e,43.8445,,2.56,0.33,-0.33,11.17,5.8,-5.8,1.925862069,,5858
Kepler-107 b,3.1800218,0.04544,1.536,0.025,-0.025,3.8,1.8,-1.7,2.111111111,1592,5854
Kepler-107 c,4.901452,0.06064,1.597,0.026,-0.026,10,2,-2,5,1378,5854
Kepler-107 e,14.749143,0.12638,2.903,0.035,-0.035,14.1,3.3,-3.3,4.272727273,955,5854
Kepler-11 b,10.3039,0.091,1.8,0.03,-0.05,1.9,1.4,-1,1.357142857,,5663
Kepler-11 c,13.0241,0.107,2.87,0.05,-0.06,2.9,2.9,-1.6,1,,5663
Kepler-11 d,22.6845,0.155,3.12,0.06,-0.07,7.3,0.8,-1.5,9.125,,5663
Kepler-11 e,31.9996,0.195,4.19,0.07,-0.09,8,1.5,-2.1,5.333333333,,5663
Kepler-11 f,46.6888,0.25,2.49,0.04,-0.07,2,0.8,-0.9,2.5,,5663
Kepler-113 b,4.754,,1.82,0.05,-0.05,11.7,4.2,-4.2,2.785714286,,4725
Kepler-114 c,8.041,,1.6,0.18,-0.18,2.8,0.6,-0.6,4.666666667,,
Kepler-114 d,11.776,,2.53,0.28,-0.28,3.9,1.7,-1.7,2.294117647,,
Kepler-117 b,18.7959228,0.1445,8.059,0.269,-0.269,29.875,10.488,-10.488,2.848493516,984,6150
Kepler-117 c,50.790391,0.2804,12.341,0.392,-0.392,584.78,57.21,-57.21,10.22163957,704,6150
Kepler-12 b,4.4379629,0.0553,19.661,0.347,-0.404,137.30256,16.84499,-16.20933,8.150943396,1480,5947
Kepler-122 f,56.268,,1.75,0.6,-0.16,36,19.4,-16.2,1.855670103,,
Kepler-128 b,15.09,,1.43,0.09,-0.09,0.77,0.48,-0.25,1.604166667,,
Kepler-128 c,22.804,,1.34,0.08,-0.08,0.9,0.58,-0.29,1.551724138,,
Kepler-129 c,82.2,0.39,2.52,0.07,-0.07,43,13,-12,3.307692308,,5770
Kepler-131 b,16.092,,2.41,0.2,-0.2,16.13,3.5,-3.5,4.608571429,,5685
Kepler-131 c,25.5169,,0.84,0.07,-0.07,8.25,5.9,-5.9,1.398305085,,5685
Kepler-138 b,10.3134,0.0753,0.64,0.02,-0.02,0.07,0.02,-0.02,3.5,452,3841
Kepler-138 c,13.7815,0.0913,1.51,0.04,-0.04,2.3,0.6,-0.5,3.833333333,410,3841
Kepler-138 d,23.0923,0.1288,1.51,0.04,-0.04,2.1,0.6,-0.7,3.5,345,3841
Kepler-14 b,6.790123,,12.733,0.818,-0.605,2669.66,111.24,-108.06,23.99910104,,6395
Kepler-145 b,22.951,,2.65,0.08,-0.08,37.1,11.6,-11.6,3.198275862,,
Kepler-145 c,42.882,,4.32,0.12,-0.12,79.4,16.4,-16.4,4.841463415,,
Kepler-15 b,4.942782,0.05714,10.76,0.67,-0.78,209.76,25.43,-28.6,8.248525364,,5515
Kepler-1514 b,217.83184,0.753,12.42,0.258,-0.258,1678.1424,69.9226,-69.9226,24,388,6145
Kepler-16 b,228.776,0.7048,8.449,0.029,-0.029,105.833,5.085,-5.085,20.81278269,,4450
Kepler-1647 b,1107.5923,2.7205,11.874,0.138,-0.138,483,206,-206,2.344660194,,6210
Kepler-1655 b,11.8728787,0.1029,2.213,0.082,-0.082,5.4,1.7,-1.7,3.176470588,938,6148
Kepler-1658 b,3.84937278,0.0544,11.994,0.56,-0.56,1868.8404,149.3801,-146.2018,12.5106383,,6216
Kepler-1661 b,175.06,0.633,3.87,0.06,-0.06,17,12,-12,1.416666667,243,5100
Kepler-167 e,1071.23205,1.883,10.16,0.42,-0.42,321.00669,50.85255,-47.67426,6.312499373,134,4884
Kepler-17 b,1.4857108,0.02591,14.68,0.22,-0.22,778.65,34.96,-34.96,22.27259725,1570,5781
Kepler-1704 b,988.88112,2.027,11.949,0.493,-0.471,1322.16617,92.17024,-88.99195,14.34482725,254,5746
Kepler-1705 b,9.03502,,2.03,0.12,-0.14,4.47,0.48,-0.43,9.3125,,6312
Kepler-1705 c,11.28,,2.05,0.14,-0.15,5.42,0.61,-0.57,8.885245902,,6312
Kepler-177 b,36.8601,,3.5,0.19,-0.15,5.84,0.86,-0.82,6.790697674,,5732
Kepler-177 c,49.40926,,8.73,0.36,-0.34,14.7,2.7,-2.5,5.444444444,,5732
Kepler-18 b,3.504725,0.0447,2,0.1,-0.1,6.9,3.4,-3.4,2.029411765,,5345
Kepler-18 c,7.64159,0.0752,5.49,0.26,-0.26,17.3,1.9,-1.9,9.105263158,,5345
Kepler-18 d,14.85888,0.1172,6.98,0.33,-0.33,16.4,1.4,-1.4,11.71428571,,5345
Kepler-19 b,9.28699,0.0846,2.209,0.048,-0.048,6.1,2.8,-2.7,2.178571429,851,5541
Kepler-1972 b,7.54425,,0.802,0.042,-0.041,2.02,0.56,-0.62,3.607142857,,5818
Kepler-1972 c,11.3295,,0.868,0.051,-0.05,2.11,0.59,-0.65,3.576271186,,5818
Kepler-20 b,3.6961049,0.04565,1.773,0.053,-0.03,9.7,1.3,-1.3,7.461538462,1187,5495
Kepler-20 c,10.8540774,0.0936,2.894,0.036,-0.033,11.1,2.1,-2.1,5.285714286,828,5495
Kepler-20 d,77.611455,0.3474,2.606,0.053,-0.039,13.4,3.7,-3.6,3.621621622,430,5495
Kepler-21 b,2.7858212,0.0434,1.639,0.019,-0.015,7.5,1.3,-1.3,5.769230769,2015,6305
Kepler-223 b,7.38449,,2.99,0.18,-0.27,7.4,1.3,-1.1,5.692307692,,
Kepler-223 c,9.84564,,3.44,0.2,-0.3,5.1,1.7,-1.1,3,,
Kepler-223 d,14.78869,,5.24,0.26,-0.45,8,1.5,-1.3,5.333333333,,
Kepler-223 e,19.72567,,4.6,0.27,-0.41,4.8,1.4,-1.2,3.428571429,,
Kepler-238 e,23.654,,5.6,2.37,-0.46,169.7,71.7,-69.1,2.366806137,,
Kepler-238 f,50.447,,2,0.85,-0.17,13.5,2.9,-2.5,4.655172414,,
Kepler-25 b,6.238297,,2.748,0.038,-0.035,8.7,2.5,-2.3,3.48,,
Kepler-25 c,12.7207,,5.217,0.07,-0.065,15.2,1.3,-1.6,11.69230769,,
Kepler-26 b,12.28,,2.78,0.11,-0.11,5.12,0.65,-0.61,7.876923077,,3914
Kepler-26 c,17.2559,,2.72,0.12,-0.12,6.2,0.65,-0.65,9.538461538,,3914
Kepler-276 c,31.884,,2.9,1.27,-0.28,16.6,4.4,-3.6,3.772727273,,
Kepler-276 d,48.648,,2.8,1.23,-0.27,16.3,5,-4.3,3.26,,
Kepler-277 b,17.324,,2.92,0.73,-0.63,87.3,41.7,-39.9,2.09352518,,
Kepler-277 c,33.006,,3.36,0.83,-0.72,64.2,18.1,-15.7,3.546961326,,
Kepler-279 c,35.736,,4.3,1.72,-0.41,49.4,7.2,-5.9,6.861111111,,
Kepler-279 d,54.414,,3.1,1.24,-0.3,37.5,5.5,-4.5,6.818181818,,
Kepler-282 d,24.806,,2.46,1,-0.2,61,35.9,-36.1,1.699164345,,
Kepler-282 e,44.347,,3.1,1.26,-0.25,56.2,16.2,-16.7,3.469135802,,
Kepler-289 b,34.545,0.21,2.15,0.1,-0.1,7.3,6.8,-6.8,1.073529412,,5990
Kepler-289 c,125.8518,0.51,11.59,0.19,-0.19,132,17,-17,7.764705882,,5990
Kepler-289 d,66.0634,0.33,2.68,0.17,-0.17,4,0.9,-0.9,4.444444444,,5990
Kepler-29 b,10.33974,,2.55,0.12,-0.12,5,1.5,-1.3,3.333333333,,5378
Kepler-29 c,13.28613,,2.34,0.12,-0.11,4.5,1.1,-1.1,4.090909091,,5378
Kepler-30 b,29.33434,0.18,3.9,0.2,-0.2,11.3,1.4,-1.4,8.071428571,,5498
Kepler-30 c,60.323105,0.3,12.3,0.4,-0.4,640,50,-50,12.8,,5498
Kepler-30 d,143.34394,0.5,8.8,0.5,-0.5,23.1,2.7,-2.7,8.555555556,,5498
Kepler-305 b,5.487,,3.6,0.9,-0.36,10.5,2.6,-2,4.038461538,,
Kepler-305 c,8.291,,3.3,0.82,-0.33,6,2.4,-2.2,2.5,,
Kepler-307 b,10.4208,,2.43,0.09,-0.09,7.44,0.91,-0.87,8.175824176,,5367
Kepler-307 c,13.0729,,2.2,0.07,-0.07,3.64,0.65,-0.58,5.6,,5367
Kepler-323 c,3.5538229,0.0458,1.57,0.04,-0.04,6.8,3.4,-3.2,2,1431,6004
Kepler-328 b,34.921,,2.3,0.96,-0.23,28.5,12.9,-12.3,2.209302326,,
Kepler-328 c,71.312,,5.4,2.24,-0.54,39.4,13.6,-12.6,2.897058824,,
Kepler-338 e,9.341,,1.56,0.07,-0.07,8.5,7.2,-6.3,1.180555556,,
Kepler-34 b,288.822,1.0896,8.564,0.135,-0.157,69.92,3.496,-3.178,20,,5913
Kepler-35 b,131.458,0.60347,8.16,0.157,-0.157,40.363,6.356,-6.356,6.350377596,,5606
Kepler-350 c,17.849,,3.1,1.42,-0.6,6.1,3.3,-3.2,1.848484848,,
Kepler-350 d,26.136,,2.8,1.28,-0.54,14.9,5.3,-4.7,2.811320755,,
Kepler-36 b,13.86825,,1.498,0.061,-0.049,3.83,0.11,-0.1,34.81818182,,5979
Kepler-36 c,16.21865,,3.679,0.096,-0.091,7.13,0.18,-0.18,39.61111111,,5979
Kepler-39 b,21.08721,0.164,13.9,1.01,-1.12,6388.1,413.2,-381.4,15.46006776,897,6350
Kepler-396 b,42.994,,3.5,1.28,-0.65,75.5,11.8,-5.8,6.398305085,,
Kepler-396 c,88.505,,5.3,1.95,-0.99,17.9,2.8,-1.3,6.392857143,,
Kepler-4 b,3.21346,0.0456,4.002,0.213,-0.213,24.472,3.814,-3.814,6.416360776,1650,5857
Kepler-40 b,6.87349,0.08,13.11,0.45,-0.45,699.2,127.1,-127.1,5.501180173,1620,6510
Kepler-406 b,2.42629,,1.43,0.03,-0.03,6.35,1.4,-1.4,4.535714286,,5538
Kepler-406 c,4.62332,,0.85,0.03,-0.03,2.71,1.8,-1.8,1.505555556,,5538
Kepler-41 b,1.8555582,0.03101,14.46,0.22,-0.22,177.98,25.43,-25.43,6.998820291,1790,5750
Kepler-411 b,3.005156,0.0375,2.401,0.053,-0.053,25.6,2.6,-2.6,9.846153846,1138,
Kepler-411 c,7.834435,0.0739,4.421,0.062,-0.062,26.4,5.9,-5.9,4.474576271,838,
Kepler-411 d,58.02035,0.279,3.319,0.104,-0.104,15.2,5.1,-5.1,2.980392157,410,
Kepler-412 b,1.7208604,0.02897,15.031,0.493,-0.516,299.07803,39.72875,-6.03877,7.528,1850,5750
Kepler-413 b,66.262,0.3553,4.347,0.099,-0.099,67,22,-21,3.045454545,,4700
Kepler-414 b,4.7,,1.71,0.31,-0.14,3.5,3.4,-2.9,1.029411765,,
Kepler-414 c,7.171,,3.01,0.54,-0.25,29.9,12.4,-10.5,2.411290323,,
Kepler-415 b,4.176,,1.21,0.13,-0.1,119.9,102.1,-87.4,1.174338883,,
Kepler-416 b,6.319,,2.48,0.99,-0.33,58.2,53.4,-39.5,1.08988764,,
Kepler-417 b,12.331,,2.31,0.86,-0.17,11,9.3,-7.9,1.182795699,,
Kepler-419 b,69.7546,0.37,10.8,1.4,-1.3,794.5,95.3,-95.3,8.33683106,,6430
Kepler-422 b,7.8914483,0.082,12.89,1.23,-1.23,136.66,41.32,-41.32,3.307357212,,5972
Kepler-423 b,2.6843285,0.03585,13.361,0.583,-0.583,189.101,25.743,-25.743,7.345725051,1605,5560
Kepler-424 b,3.3118644,0.044,9.98,0.9,-0.67,327.35,41.32,-41.32,7.92231365,,5460
Kepler-425 b,3.79701816,0.0464,10.962,0.247,-0.247,79.45,25.43,-25.43,3.124262682,1070,5170
Kepler-426 b,3.21751883,0.0414,12.22,0.34,-0.34,108.06,25.43,-25.43,4.249311836,1300,5725
Kepler-427 b,10.290994,0.091,13.79,2.35,-2.35,92.17,28.6,-28.6,3.222727273,1100,5800
Kepler-428 b,3.52563254,0.0433,12.11,0.34,-0.34,403.63,60.39,-60.39,6.683722471,1070,5150
Kepler-43 b,3.0240949,0.046,13.664,0.729,-0.717,1026.5909,82.6358,-82.6358,12.42307692,1620,6041
Kepler-432 b,52.501129,0.301,12.834,0.404,-0.437,1719.4603,101.7056,-57.2094,16.90625,,4995
Kepler-433 b,5.33408384,0.0679,16.25,1.79,-1.79,896.24,165.26,-165.26,5.423211909,1776,6360
Kepler-434 b,12.8747099,0.1143,12.67,2.91,-2.02,908.96,111.24,-111.24,8.171161453,1000,5977
Kepler-435 b,8.6001536,0.0948,22.31,2.02,-2.02,266.97,47.67,-47.67,5.600377596,1729,6161
Kepler-44 b,3.2467293,0.0446,12.22,0.78,-0.78,317.82,31.78,-31.78,10.00062933,1544,5800
Kepler-447 b,7.79430132,0.0769,18.49,6.61,-6.28,435.41,152.55,-146.2,2.854211734,,5493
Kepler-45 b,2.455239,0.03,10.76,1.23,-1.23,160.497,28.604,-28.604,5.610998462,1000,3820
Kepler-454 b,10.5737534,0.09528,2.37,0.13,-0.13,5.4,1.4,-1.4,3.857142857,916,5687
Kepler-462 b,84.6866,,3,0.2,-0.1,53.9,104.6,-23.8,0.515296367,,7500
Kepler-462 c,207.62,,4,0.2,-0.2,6,10.8,-4.9,0.555555556,,7500
Kepler-47 b,49.4643,0.2877,3.05,0.04,-0.04,2.07,23.7,-2.07,0.087341772,,
Kepler-47 c,303.227,0.9638,4.65,0.09,-0.07,3.17,2.18,-1.25,1.45412844,,
Kepler-47 d,187.366,0.6992,7.04,0.66,-0.49,19.02,23.84,-11.67,0.797818792,,
Kepler-48 b,4.778,,1.88,0.1,-0.1,3.94,2.1,-2.1,1.876190476,,5194
Kepler-48 c,9.67395,,2.71,0.14,-0.14,14.61,2.3,-2.3,6.352173913,,5194
Kepler-48 d,42.8961,,2.04,0.11,-0.11,7.93,4.6,-4.6,1.723913043,,5194
Kepler-5 b,3.5484657,0.0538,15.984,0.404,-0.572,670.93913,21.29461,-27.33338,31.50746269,1750,6297
Kepler-51 b,45.154,0.2514,7.1,0.3,-0.3,2.1,1.5,-0.8,1.4,543,6018
Kepler-51 c,85.312,0.384,9,2.8,-1.7,4,0.4,-0.4,10,439,6018
Kepler-51 d,130.194,0.509,9.7,0.5,-0.5,7.6,1.1,-1.1,6.909090909,381,6018
Kepler-538 b,81.73778,0.3554,2.215,0.04,-0.034,12.9,2.9,-2.9,4.448275862,417,5534
Kepler-539 b,125.63243,0.4988,8.373,0.191,-0.191,308.2951,92.1707,-92.1707,3.344827586,388,5820
Kepler-56 b,10.5016,0.1028,6.51,0.29,-0.28,22.1,3.9,-3.6,5.666666667,,4840
Kepler-56 c,21.40239,0.1652,9.8,0.46,-0.46,181,21,-19,8.619047619,,4840
Kepler-595 b,25.3029092,,3.708,0.01,-0.01,17.4,7.1,-3.8,2.450704225,,
Kepler-595 c,12.38602,,1.009,0.024,-0.024,3.3,1.7,-1,1.941176471,,
Kepler-6 b,3.2346996,0.04852,14.617,0.202,-0.37,212.31044,12.07754,-11.12405,17.57894737,1460,5647
Kepler-60 b,7.1334,,1.71,0.13,-0.13,4.19,0.56,-0.52,7.482142857,,5905
Kepler-60 c,8.9187,,1.9,0.15,-0.15,3.85,0.81,-0.81,4.75308642,,5905
Kepler-60 d,11.8981,,1.99,0.16,-0.16,4.16,0.84,-0.75,4.952380952,,5905
Kepler-68 b,5.39875259,0.06135,2.357,0.023,-0.023,8.03,0.67,-0.67,11.98507463,1275,5847
Kepler-7 b,4.8854892,0.06067,18.181,0.146,-0.146,140.16303,13.66669,-13.34886,10.25581395,1630,5933
Kepler-74 b,7.340711,0.0781,10.76,0.22,-0.22,200.22,38.14,-38.14,5.249606712,1078,6000
Kepler-75 b,8.8849116,0.0818,11.77,0.34,-0.34,3209.9,127.1,-127.1,25.25491739,767,5200
Kepler-76 b,1.5449298,0.0274,15.244,1.345,-1.345,638.8383,117.5971,-111.2405,5.432432432,2140,6409
Kepler-77 b,3.57878087,0.04501,10.761,0.179,-0.179,136.661,10.17,-10.17,13.43765978,1440,5520
Kepler-78 b,0.35500745,0.00901,1.201,0.028,-0.028,1.68,0.27,-0.27,6.222222222,2223,5058
Kepler-79 b,13.4845,0.117,3.47,0.07,-0.07,10.9,7.4,-6,1.472972973,,6174
Kepler-79 c,27.4029,0.187,3.72,0.08,-0.08,5.9,1.9,-2.3,3.105263158,,6174
Kepler-79 d,52.0902,0.287,7.16,0.13,-0.16,6,2.1,-1.6,2.857142857,,6174
Kepler-79 e,81.0659,0.386,3.49,0.14,-0.14,4.1,1.2,-1.1,3.416666667,,6174
Kepler-8 b,3.5224991,0.0474,15.872,0.594,-0.695,187.5197,41.3179,-38.1396,4.538461538,1680,6213
Kepler-80 b,7.05246,0.0648,2.67,0.1,-0.1,6.93,1.05,-0.7,6.6,,4540
Kepler-80 c,9.52355,0.0792,2.74,0.12,-0.1,6.74,1.23,-0.86,5.479674797,,4540
Kepler-80 d,3.07222,0.0372,1.53,0.09,-0.07,6.75,0.69,-0.51,9.782608696,,4540
Kepler-80 e,4.64489,0.0491,1.6,0.08,-0.07,4.13,0.81,-0.95,5.098765432,,4540
Kepler-82 b,26.44,0.1683,4.07,0.24,-0.1,12.15,0.96,-0.87,12.65625,,
Kepler-82 c,51.54,0.2626,5.34,0.32,-0.13,13.9,1.3,-1.2,10.69230769,,
Kepler-87 b,114.73635,0.481,13.49,0.55,-0.55,324.2,8.8,-8.8,36.84090909,478,5600
Kepler-87 c,191.2318,0.676,6.14,0.29,-0.29,6.4,0.8,-0.8,8,403,5600
Kepler-9 b,19.23891,0.143,8.29,0.54,-0.43,43.4,1.6,-2,27.125,,5774
Kepler-9 c,38.9853,0.227,8.08,0.54,-0.41,29.9,1.1,-1.3,27.18181818,,5774
Kepler-91 b,6.24658,0.0731,15.323,0.773,-0.673,257.4423,57.2094,-54.0311,4.5,2040,4550
Kepler-92 b,13.749,,3.51,0.1,-0.1,64.3,13.9,-13.9,4.625899281,,
Kepler-92 c,26.723,,2.6,0.08,-0.08,6.1,1.8,-1.8,3.388888889,,
Kepler-93 b,4.72673978,0.05343,1.478,0.019,-0.019,4.66,0.53,-0.53,8.79245283,1133,5669
Kepler-94 b,2.50806,,3.51,0.15,-0.15,10.84,1.4,-1.4,7.742857143,,4781
Kepler-95 b,11.5231,,3.42,0.09,-0.09,13,2.9,-2.9,4.482758621,,5699
Kepler-96 b,16.2385,,2.67,0.22,-0.22,8.46,3.4,-3.4,2.488235294,,5690
Kepler-97 b,2.58664,,1.48,0.13,-0.13,3.51,1.9,-1.9,1.847368421,,5779
Kepler-98 b,1.54168,,1.99,0.22,-0.22,3.55,1.6,-1.6,2.21875,,5539
Kepler-99 b,4.60358,,1.48,0.08,-0.08,6.15,1.3,-1.3,4.730769231,,4782
KOI-12 b,17.855182,0.154,13.787,0.673,-0.56,349.613,1112.405,-254.264,0.314285714,,
KOI-1257 b,86.647661,0.382,10.54,1.35,-1.35,460.83,111.24,-111.24,4.142664509,511,5520
KOI-13 b,1.763588,0.03641,16.948,0.392,-0.392,2949.4624,50.8528,-50.8528,58,2550,7650
KOI-142 b,10.91647,,3.438,0.075,-0.075,9.5,1.1,-1.1,8.636363636,,5466
KOI-1599.01,20.4415,0.14728,1.9,0.3,-0.3,4.6,0.3,-0.3,15.33333333,,
KOI-1599.02,13.6088,0.112293,1.9,0.2,-0.2,9,0.3,-0.3,30,,
KOI-1783.01,134.4628,,8.86,0.25,-0.24,71,11.2,-9.2,6.339285714,,5922
KOI-1783.02,284.215,,5.44,0.52,-0.3,15,4.3,-3.6,3.488372093,,5922
KOI-1831 d,34.169,,1.13,0.05,-0.05,2.23,0.5,-0.84,4.46,475,5233
KOI-3680 b,141.241671,0.534,11.097,0.673,-0.785,613.4119,60.3877,-66.7443,10.15789474,347,5830
KOI-94 b,3.743208,0.05119,1.71,0.16,-0.16,10.5,4.6,-4.6,2.282608696,1486,6182
KOI-94 c,10.423648,0.1013,4.32,0.41,-0.41,15.6,5.7,-15.6,2.736842105,1012,6182
KOI-94 d,22.342989,0.1684,11.27,1.06,-1.06,106,11,-11,9.636363636,806,6182
KOI-94 e,54.32031,0.3046,6.56,0.62,-0.62,35,18,-28,1.944444444,584,6182
KPS-1 b,1.706291,0.0269,11.545,1.457,-1.345,346.4347,27.33338,-27.65121,12.6744186,1459,5165
L 168-9 b,1.4015,0.02091,1.39,0.09,-0.09,4.6,0.56,-0.56,8.214285714,965,3800
L 98-59 b,2.2531136,0.02191,0.85,0.061,-0.047,0.4,0.16,-0.15,2.5,627,3415
L 98-59 c,3.6906745,,1.34,0.07,-0.07,2.42,0.35,-0.34,6.914285714,,3412
L 98-59 d,7.450729,,1.58,0.08,-0.08,2.31,0.46,-0.45,5.02173913,,3412
LHS 1140 b,24.73694,0.0957,1.635,0.046,-0.046,6.38,0.46,-0.44,13.86956522,379,2988
LHS 1140 c,3.77792,0.02734,1.169,0.037,-0.038,1.76,0.17,-0.16,10.35294118,709,2988
LHS 1478 b,1.9495378,0.01848,1.242,0.051,-0.049,2.33,0.2,-0.2,11.65,595,3381
LHS 1815 b,3.814334,,1.088,0.064,-0.064,1.58,0.64,-0.6,2.46875,,3643
LP 714-47 b,4.052037,0.0417,4.7,0.3,-0.3,30.8,1.5,-1.5,20.53333333,700,3950
LP 791-18 c,4.9899093,0.02961,2.438,0.096,-0.096,7.1,0.7,-0.7,10.14285714,324,2960
LP 791-18 d,2.753436,0.01992,1.032,0.044,-0.043,0.9,0.5,-0.4,1.8,396,2960
LTT 1445 A b,5.3587657,0.03813,1.305,0.066,-0.061,2.87,0.26,0.26,11.03846154,424,3340
LTT 1445 A c,3.1239035,0.02661,1.147,0.055,-0.054,1.54,0.2,-0.19,7.7,508,3340
LTT 3780 b,0.76837883,,1.32,0.06,-0.06,2.47,0.24,-0.24,10.29166667,,3360
LTT 3780 c,12.252196,,2.33,0.14,-0.13,7.02,0.69,-0.67,10.17391304,,3360
LTT 9779 b,0.792052,0.01679,4.72,0.23,-0.23,29.32,0.78,-0.81,37.58974359,1978,5443
Lupus-TR-3 b,3.91405,0.0464,9.976,0.785,-0.785,257.431,57.207,-57.207,4.49999126,,5000
MASCARA-4 b,2.82406,0.047,17.15,0.785,-0.448,985.273,286.047,-286.047,3.444444444,2100,7800
NGTS-1 b,2.647298,0.0326,14.908,6.837,-3.699,258.07796,20.97678,-23.83725,12.3030303,790,3916
NGTS-10 b,0.7668944,0.0143,13.507,1.311,-0.93,687.14846,29.24036,-34.00781,23.5,1332,4600
NGTS-11 b,35.45533,0.201,9.158,0.314,-0.359,109.33352,29.24036,-23.20159,3.739130435,435,5050
NGTS-12 b,7.532806,0.0757,11.747,0.359,-0.359,66.10864,6.99226,-6.99226,9.454545455,1257,5690
NGTS-13 b,4.119027,0.0549,12.801,0.516,-0.516,1538.2972,139.8452,-139.8452,11,1605,5819
NGTS-14 A b,3.5357173,0.0403,4.977,0.336,-0.336,29.24036,3.81396,-3.81396,7.666666667,1143,5187
NGTS-15 b,3.27623,0.0441,12.33,1.121,-1.121,238.68913,32.4185,-27.9689,7.362744421,1146,5600
NGTS-16 b,4.84532,0.0523,14.572,1.457,-1.345,211.99155,49.89906,-40.99986,4.248407685,1177,5550
NGTS-17 b,3.24253,0.0391,13.899,1.233,-1.233,242.8209,61.97654,-52.12386,3.91794863,1457,5650
NGTS-18 b,3.05125,0.0448,13.563,2.018,-2.018,129.99182,25.7441,-20.02319,5.049382965,1381,5610
NGTS-2 b,4.511164,0.063,17.878,0.527,-0.504,235.1942,41.3179,-38.1396,5.692307692,1468,6478
NGTS-20 b,54.18915,0.313,11.994,0.448,-0.448,947.12865,50.85255,-47.67426,18.62499816,688,5980
NGTS-21 b,1.5433897,0.0236,14.908,0.336,-0.336,750.07504,66.74397,-66.74397,11.23809447,1357,4660
NGTS-23 b,4.0764326,0.0504,14.202,0.336,-0.336,194.82881,30.82936,-30.82936,6.319586589,1327,6057
NGTS-24 b,3.4678796,0.0479,13.608,0.65,-0.695,165.27077,38.13941,-34.96112,4.333333159,1499,5820
NGTS-25 b,2.823093,0.0388,11.467,0.392,-0.583,203.09235,18.43405,-16.52708,11.01723984,1101,5321
NGTS-3 A b,1.6753728,0.023,16.589,4.147,-4.147,756.4354,82.6358,-82.6358,9.153846154,,5600
NGTS-4 b,1.3373508,0.019,3.18,0.26,-0.26,20.6,3,-3,6.866666667,1650,5143
NGTS-5 b,3.3569866,0.0382,12.733,0.258,-0.258,72.78307,11.75971,-11.75971,6.189189189,952,4987
NGTS-6 b,0.882059,0.01677,14.863,1.087,-1.255,425.57437,8.89924,-8.89924,47.82142857,1284,4730
NGTS-8 b,2.4997,0.035,12.218,0.336,-0.336,295.5819,12.7132,-9.5349,23.25,1345,5241
NGTS-9 b,4.43527,0.058,11.994,0.673,-0.673,921.707,54.0311,-54.0311,17.05882353,1448,6330
OGLE-TR-10 b,3.101278,0.0434,14.011,1.569,-1.345,197.046,44.494,-44.494,4.428597114,,5950
OGLE-TR-113 b,1.4324752,0.02289,12.251,0.314,-0.213,400.449,50.851,-50.851,7.874948379,,4790
OGLE-TR-132 b,1.689868,0.03035,13.45,1.68,-1.23,375.02,44.49,-41.32,8.429309957,2013,6210
OGLE-TR-182 b,3.9791,0.051,12.666,2.69,-0.897,320.995,47.672,-47.672,6.733407451,,5924
OGLE-TR-211 b,3.67724,0.051,15.244,2.018,-1.009,327.351,63.563,-63.563,5.150024385,,6325
OGLE-TR-56 b,1.2119189,0.02383,15.278,1.031,-1.009,441.77,57.21,-54.03,7.721901765,2212,6050
OGLE2-TR-L9 b,2.4855335,0.0308,18.046,0.448,-0.448,1430.175,476.725,-476.725,3,,6933
POTS-1 b,3.1606296,0.03734,10.548,0.404,-0.527,734.16,244.72,-244.72,3,,4400
Qatar-1 b,1.4200242,0.02332,12.812,0.291,-0.28,411.27202,16.52716,-15.57367,24.88461538,1418,5013
Qatar-10 b,1.645321,0.0286,17.295,0.448,-0.448,233.92288,28.6047,-28.6047,8.177777778,1955,6124
Qatar-2 b,1.33711647,0.02153,14.056,0.146,-0.146,792.635,17.162,-17.162,46.18546789,1344,4645
Qatar-3 b,2.5079204,0.03783,12.285,1.569,-1.569,1369.8473,149.3801,-149.3801,9.170212766,1681,6007
Qatar-4 b,1.8053564,0.02803,12.722,1.233,-1.233,1938.763,171.6282,-171.6282,11.2962963,1385,5215
Qatar-5 b,2.8792319,0.04127,12.408,0.717,-0.717,1373.0256,57.2094,-57.2094,24,1415,5747
Qatar-6 b,3.506195,0.0423,11.904,0.796,-0.796,212.31044,20.97678,-20.97678,10.12121212,1006,5052
Qatar-7 b,2.032046,0.0352,19.055,0.336,-0.336,597.5204,79.4575,-79.4575,7.52,2053,6387
Qatar-8 b,3.71495,0.0474,14.404,0.247,-0.247,117.91493,19.70546,-19.70546,5.983870968,1457,5738
Qatar-9 b,1.540731,0.0234,11.31,0.157,-0.157,378.2177,50.8528,-50.8528,7.4375,1134,4309
SWEEPS-11 b,1.796,0.03,12.666,2.354,-2.354,3082.82,1779.77,-1430.17,1.732145165,,
TIC 172900988 b,200.452,0.90281,11.25,0.44,-0.44,942,5.6,-5.6,168.2142857,,6050
TIC 237913194 b,15.168865,0.1207,12.52,0.605,-0.527,617.22586,29.24036,-28.92253,21.10869565,974,5788
TIC 257060897 b,3.660028,0.051,16.701,0.448,-0.448,212.94503,9.53485,-9.53485,22.33333823,1762,
TIC 279401253 b,76.8,0.369,11.209,0.448,-0.448,1951.46642,123.95308,-133.48793,15.74358959,,5951
TOI-1052 b,9.139703,0.09103,2.87,0.29,-0.24,16.9,1.7,-1.7,9.941176471,1135,6146
TOI-1062 b,4.11296,0.052,2.265,0.096,-0.091,10.15,0.81,-0.84,12.5308642,1077,5328
TOI-1064 b,6.443868,0.06152,2.587,0.043,-0.042,13.5,1.7,-1.8,7.941176471,784,4734
TOI-1064 c,12.226574,0.09429,2.651,0.043,-0.042,2.5,1.8,-2,1.388888889,634,4734
TOI-1075 b,0.6047328,0.01159,1.791,0.116,-0.081,9.95,1.36,-1.3,7.316176471,1323,3875
TOI-1107 b,4.0782387,0.0561,14.572,0.56,-0.56,1064.72516,57.20911,-57.20911,18.61111211,1728,6311
TOI-1130 c,8.350381,0.07098,16.814,3.026,-2.466,309.56642,13.66669,-13.98452,22.65116279,637,4250
TOI-1181 b,2.103195,,14.572,0.897,-0.897,375.03752,44.49598,-44.49598,8.428570851,,5990
TOI-1201 b,2.4919863,0.0287,2.415,0.091,-0.09,6.28,0.84,-0.88,7.476190476,703,3476
TOI-1231 b,24.245586,0.1288,3.65,0.16,-0.15,15.4,3.3,-3.3,4.666666667,330,3553
TOI-1235 b,3.444714,,1.69,0.08,-0.08,6.69,0.67,-0.69,9.985074627,,3997
TOI-1246 b,4.30744,0.049,3.01,0.06,-0.06,8.1,1.1,-1.1,7.363636364,955,5151
TOI-1246 c,5.904144,0.061,2.51,0.08,-0.08,8.8,1.2,-1.2,7.333333333,860,5151
TOI-1246 d,18.6559,0.131,3.51,0.09,-0.09,5.3,1.7,-1.7,3.117647059,586,5151
TOI-1246 e,37.9216,0.211,3.78,0.16,-0.16,14.8,2.3,-2.3,6.434782609,462,5151
TOI-125 b,4.65382,0.05186,2.726,0.075,-0.075,9.5,0.88,-0.88,10.79545455,1037,5320
TOI-125 c,9.15059,0.0814,2.759,0.1,-0.1,6.63,0.99,-0.99,6.696969697,828,5320
TOI-125 d,19.98,0.137,2.93,0.17,-0.17,13.6,1.2,-1.2,11.33333333,638,5320
TOI-1259 A b,3.477978,0.0407,11.456,0.336,-0.303,140.16233,15.57359,-14.93794,9.000001284,963,4775
TOI-1260 b,3.127463,0.0367,2.41,0.05,-0.05,8.56,1.54,-1.54,5.558441558,871,4227
TOI-1260 c,7.493134,0.0657,2.76,0.07,-0.07,13.2,4.23,-4.23,3.120567376,651,4227
TOI-1260 d,16.608164,0.1116,3.12,0.08,-0.08,11.84,7.79,-7.79,1.519897304,499,4227
TOI-1266 b,10.894843,0.0736,2.37,0.16,-0.12,13.5,11,-9,1.227272727,413,3600
TOI-1266 c,18.80151,0.1058,1.56,0.15,-0.13,2.2,2,-1.5,1.1,344,3600
TOI-1268 b,8.1577094,0.0711,9.1,0.6,-0.6,96.4,8.2,-8.3,11.75609756,919,5300
TOI-1272 b,3.31599,0.0412,4.14,0.21,-0.21,24.6,2.3,-2.3,10.69565217,961,4985
TOI-1278 b,14.47567,0.095,12.218,2.69,-2.242,5879.82553,158.9142,-158.9142,37.00000082,,3799
TOI-1288 b,2.699835,,5.24,0.09,-0.09,42,3,-3,14,1266,5225
TOI-1296 b,3.9443715,0.0497,13.798,0.347,-0.347,94.71287,12.39531,-12.39531,7.64102471,1562,5603
TOI-1298 b,4.537164,0.059,9.427,0.235,-0.235,113.14691,10.17051,-10.17051,11.12499865,1388,5889
TOI-132 b,2.1097019,0.026,3.42,0.13,-0.14,22.4,1.9,-1.92,11.78947368,1395,5397
TOI-1333 b,4.720219,0.0626,15.648,0.628,-0.605,753.2571,76.2792,-76.2792,9.875,1679,6274
TOI-1338 b,95.174,0.4607,6.85,0.19,-0.19,33,20.3,-19.6,1.625615764,,6050
TOI-1408 b,4.424711,0.05804,16.813,,,537.13001,63.56568,-63.56568,8.45000022,,6306
TOI-1416 b,1.0697568,0.019,1.62,0.08,-0.08,3.48,0.47,-0.47,7.404255319,1517,4884
TOI-1422 b,12.9972,0.108,3.96,0.13,-0.11,9,2.3,-2,3.913043478,867,5840
TOI-1431 b,2.650237,0.046,16.701,0.56,-0.56,991.62463,57.20911,-57.20911,17.33333432,2370,7690
TOI-1444 b,0.4702694,,1.397,0.064,-0.064,3.87,0.71,-0.71,5.450704225,,5430
TOI-1452 b,11.06201,0.061,1.672,0.071,-0.071,4.82,1.3,-1.3,3.707692308,326,3185
TOI-1468 b,1.8805136,,1.28,0.038,-0.039,3.21,0.24,-0.24,13.375,682,3496
TOI-1468 c,15.532482,,2.064,0.044,-0.044,6.64,0.67,-0.68,9.910447761,338,3496
TOI-1470 b,2.527093,0.0285,2.18,0.04,-0.04,7.32,1.21,-1.24,6.049586777,734,3709
TOI-1470 c,18.08816,0.106,2.47,0.02,-0.02,7.24,2.87,-2.77,2.522648084,373,3709
TOI-1478 b,10.180249,0.0903,11.882,0.448,-0.437,270.47333,16.52716,-14.93801,16.36538462,918,5597
TOI-150.01,5.857487,0.07037,14.067,0.235,-0.213,797.7533,38.1396,-38.1396,20.91666667,1404,6255
TOI-1516 b,2.056014,,15.244,0.336,-0.336,1004.33777,38.13941,-38.13941,26.33333263,,6520
TOI-157 b,2.0845435,0.03138,14.415,0.258,-0.224,375.0394,41.3179,-38.1396,9.076923077,1588,5404
TOI-1601 b,5.331751,0.06864,13.888,0.516,-0.437,314.6517,34.9613,-34.9613,9,1619,5948
TOI-163 b,4.231306,0.058,16.69,0.381,-0.381,387.7526,38.1396,-38.1396,10.16666667,1669,6495
TOI-1634 b,0.9893455,,1.773,0.077,-0.077,7.57,0.71,-0.72,10.66197183,,3472
TOI-1670 c,40.74976,0.249,11.063,0.28,-0.28,200.2319,28.60456,-25.42627,6.999999301,684,6170
TOI-1685 b,0.6691406,,1.7,0.07,-0.07,3.09,0.59,-0.58,5.237288136,1069,3434
TOI-169 b,2.2554477,0.03524,12.173,0.908,-0.538,251.40353,20.34112,-19.0698,12.359375,1715,5880
TOI-1694 b,3.77015,,5.44,0.18,-0.18,26.1,2.2,-2.2,11.86363636,,5066.4
TOI-1695 b,3.1342791,0.033548,1.9,0.16,-0.14,6.36,1,-1,6.36,698,3690
TOI-1710 b,24.283429,0.16,5.34,0.11,-0.11,28.3,4.7,-4.7,6.021276596,,5665
TOI-172 b,9.47725,0.0914,10.817,0.359,-0.325,1722.6386,69.9226,-63.566,24.63636364,1198,5645
TOI-1728 b,3.49151,0.0391,5.05,0.16,-0.17,26.78,5.43,-5.13,4.931860037,767,3980
TOI-1759 b,18.85019,0.1177,3.14,0.1,-0.1,10.8,1.5,-1.5,7.2,443,4065
TOI-178 b,1.914558,0.02607,1.152,0.073,-0.07,1.5,0.39,-0.44,3.846153846,1040,4316
TOI-178 c,3.23845,0.037,1.669,0.114,-0.099,4.77,0.55,-0.68,8.672727273,873,4316
TOI-178 d,6.5577,0.0592,2.572,0.075,-0.078,3.01,0.8,-1.03,3.7625,690,4316
TOI-178 e,9.961881,0.0783,2.207,0.088,-0.09,3.86,1.25,-0.94,3.088,600,4316
TOI-178 f,15.231915,0.1039,2.287,0.108,-0.11,7.72,1.67,-1.52,4.622754491,521,4316
TOI-178 g,20.7095,0.1275,2.87,0.14,-0.13,3.94,1.31,-1.62,3.007633588,470,4316
TOI-1789 b,3.208664,0.04882,16.141,2.69,-1.569,222.47988,50.85255,-50.85255,4.374999484,1927,5991
TOI-181 b,4.532,0.0539,6.956,0.087,-0.101,46.1687,2.71,-7.83,17.03642066,895,4994
TOI-1811 b,3.7130765,0.04389,11.142,0.28,-0.258,308.92921,24.15496,-24.79062,12.78947305,962,4766
TOI-1820 b,4.860674,0.061,12.778,0.224,-0.224,731.00534,63.56568,-63.56568,11.50000031,1375,5734
TOI-1842 b,9.5739,0.1001,11.657,0.673,-0.56,68.01528,12.71314,-12.07748,5.349998505,,6230
TOI-1853 b,1.2436258,0.0213,3.46,0.08,-0.08,73.2,2.7,-2.7,27.11111111,1479,4985
TOI-1899 b,29.02,0.1587,12.89,0.448,-0.56,209.7678,22.2481,-22.2481,9.428571429,362,3841
TOI-1937 A b,0.94667944,0.01932,13.978,0.661,-0.695,638.8351,54.03083,-50.85255,11.82352927,2097,5814
TOI-199 b,104.854,0.4254,9.079,0.056,-0.056,54.03083,6.35657,-6.35657,8.49999764,,5255
TOI-2000 b,3.09833,0.04271,2.7,0.15,-0.15,11,2.4,-2.4,4.583333333,1488,5611
TOI-2000 c,9.127055,0.0878,8.14,0.31,-0.3,81.7,4.7,-4.6,17.38297872,1038,5611
TOI-201 b,52.97818,0.3,11.299,0.135,-0.168,133.4886,15.8915,-9.5349,8.4,759,6394
TOI-2018 b,7.435583,,2.268,0.069,-0.069,9.2,2.1,-2.1,4.380952381,,4174
TOI-2025 b,8.8720982,0.0892,11.893,0.37,-0.347,1144.18227,104.88337,-104.88337,10.9090914,1166,5977
TOI-2046 b,1.4971842,,16.141,1.233,-1.233,731.00534,88.99195,-88.99195,8.214286124,,6250
TOI-2109 b,0.67247414,0.01791,15.098,0.527,-0.527,1595.4986,238.37131,-238.37131,6.693333187,3646,6540
TOI-2136 b,7.851928,0.057,2.19,0.17,-0.17,6.37,2.45,-2.29,2.6,395,3342
TOI-2145 b,10.26075,0.1108,11.982,0.325,-0.314,1671.77742,120.77479,-117.59651,13.84210579,1484,6177
TOI-2152 A b,3.3773512,0.05064,14.359,0.56,-0.516,899.45439,120.77479,-117.59651,7.447368693,1802,6630
TOI-2154 b,3.8240801,0.0513,16.287,0.594,-0.538,292.40213,60.3874,-57.20911,4.842104976,1580,6280
TOI-2158 b,8.60077,0.075,10.761,0.135,-0.135,260.61929,25.42627,-25.42627,10.25000088,1188,5673
TOI-216.01,34.525528,,10.1,0.2,-0.2,177.98391,6.35657,-6.35657,27.99999213,,
TOI-216.02,17.16073,,8,3,-2,18.75188,0.63566,-0.63566,29.49985841,,
TOI-2180 b,260.79,0.828,11.321,0.247,-0.213,875.61726,27.65107,-25.7441,31.66666823,348,5695
TOI-2184 b,6.90683,,11.4,0.572,-0.572,206.58846,50.85255,-50.85255,4.062499521,,5966
TOI-2193 A b,2.1225735,0.03319,19.84,,,298.7587,57.20911,-57.20911,5.222222475,1763,5966
TOI-2196 b,1.1947268,0.02234,3.51,0.15,-0.15,26,1.3,-1.3,20,1860,5634
TOI-220 b,10.695264,0.08911,3.03,0.15,-0.15,13.8,1,-1,13.8,805,5298
TOI-2202 b,11.9101,0.09564,11.321,5.851,-0.897,310.83618,20.02319,-18.68831,15.52380914,,5144
TOI-2207 b,8.001968,0.0854,11.153,0.314,-0.303,203.41018,31.78284,-38.13941,6.400000126,1259,6101
TOI-2236 b,3.5315902,0.05009,14.37,0.359,-0.347,502.16888,127.13136,-123.95308,3.950000063,1688,6248
TOI-2337 b,2.99432,,10.088,1.121,-1.121,508.52545,47.67426,-47.67426,10.66666688,,4780
TOI-2338 b,22.65398,0.158,11.209,0.224,-0.224,1900.61387,66.74397,-63.56568,28.47618849,799,5581
TOI-2364 b,4.0197517,0.04871,8.608,0.258,-0.202,71.51139,13.66662,-15.57359,5.232558599,1091,5306
TOI-2421 b,4.3474032,0.0543,10.368,0.392,-0.381,105.83686,25.10844,-25.10844,4.215190589,1534,5607
TOI-244 b,7.397225,0.0559,1.52,0.12,-0.12,2.68,0.3,-0.3,8.933333333,458,3433
TOI-2497 b,10.655669,0.1166,11.142,0.616,-0.549,1531.93292,130.30965,-130.30965,11.75609727,1595,7360
TOI-2498 b,3.738252,0.0491,6.06,0.29,-0.27,34.62,4.1,-4.09,8.443902439,1443,5905
TOI-2525 b,23.2856,0.1511,8.676,0.112,-0.112,26.69759,1.58914,-1.58914,16.80002391,,5096
TOI-2525 c,49.2519,0.249,10.133,0.112,-0.112,208.81326,9.85268,-10.17051,21.19354937,,5096
TOI-2567 b,5.983944,0.0672,10.929,0.347,-0.325,63.88351,10.80617,-9.85268,5.911762447,1352,5611
TOI-257 b,18.38818,0.1528,7.163,0.146,-0.146,43.86032,7.31005,-7.31005,6.000002736,1027,6095
TOI-2570 b,2.9887615,0.04145,13.641,0.392,-0.381,260.61929,20.02319,-20.65885,13.0158726,1431,5771
TOI-2583 A b,4.5207265,0.0571,14.46,0.448,-0.37,79.4571,18.43405,-17.79839,4.310344173,1456,5936
TOI-2587 A b,5.45664,0.0635,12.072,0.471,-0.448,69.28659,17.16273,-14.62011,4.037037814,1445,5760
TOI-2589 b,61.6277,0.3,12.106,0.336,-0.336,1112.39942,31.78284,-31.78284,35.00000063,592,5579
TOI-2641 b,4.880974,0.0607,18.103,5.179,-7.174,122.68177,6.99222,-11.44182,17.54546768,1387,6100
TOI-2669 b,6.2034,,19.728,1.793,-1.793,193.87533,60.3874,-60.3874,3.210526202,,4800
TOI-269 b,3.6977104,0.0345,2.77,0.12,-0.12,8.8,1.4,-1.4,6.285714286,531,3514
TOI-270 b,3.3601538,0.03197,1.206,0.039,-0.039,1.58,0.26,-0.26,6.076923077,581,3506
TOI-270 c,5.6605731,0.04526,2.355,0.064,-0.064,6.15,0.37,-0.37,16.62162162,488,3506
TOI-270 d,11.379573,0.0721,2.133,0.058,-0.058,4.78,0.43,-0.43,11.11627907,387,3506
TOI-2803 A b,1.96229325,0.03185,18.114,0.381,-0.359,309.8827,26.37976,-22.24799,11.74698708,1893,6280
TOI-2818 b,4.039709,0.0493,15.278,0.516,-0.504,225.65817,82.63539,-82.63539,2.730769105,1376,5721
TOI-2842 b,3.5514058,0.0475,12.845,0.572,-0.538,117.59651,16.52708,-14.93794,7.115383359,1471,5910
TOI-2977 b,2.3505614,0.03386,13.159,0.347,-0.303,533.95172,82.63539,-79.4571,6.461538089,1544,5691
TOI-3023 b,3.9014971,0.0505,16.432,0.482,-0.359,197.05361,31.78284,-28.60456,6.200000063,1596,5760
TOI-3235 b,2.59261842,0.02709,11.4,0.493,-0.493,211.35589,7.94571,-7.94571,26.6000005,604,3388.8
TOI-332 b,0.777038,0.0159,3.2,0.16,-0.11,57.2,1.6,-1.6,35.75,1871,5251
TOI-3331 A b,2.0180231,0.03144,12.98,0.482,-0.482,721.47048,50.85255,-50.85255,14.18749856,1488,5609
TOI-3362 b,18.09547,0.153,12.801,0.482,-0.46,1598.35906,212.30938,-205.31715,7.528442973,,6532
TOI-3364 b,5.8768918,0.0675,12.229,0.426,-0.359,530.77344,38.13941,-41.31769,13.91666625,1264,5706
TOI-3540 A b,3.119999,0.04289,23.539,,,375.03752,44.49598,-44.49598,8.428570851,1498,5810
TOI-3629 b,3.936551,0.043,8.295,0.224,-0.224,82.63539,6.35657,-6.35657,12.99999685,690,3870
TOI-3688 A b,3.246075,0.0456,13.081,0.538,-0.493,311.47184,31.78284,-34.96112,9.800000252,1534,5950
TOI-3693 b,9.088516,0.0813,12.599,0.325,-0.258,324.18498,76.27882,-69.92225,4.249999934,801,5321
TOI-3714 b,2.154849,0.027,11.321,0.336,-0.336,222.47988,9.53485,-9.53485,23.33333823,750,3660
TOI-3757 b,3.438753,0.03845,12,0.4,-0.5,85.3,8.8,-8.7,9.693181818,759,3913
TOI-3785 b,4.6747373,0.043,5.14,0.16,-0.16,14.95,4.1,-3.92,3.646341463,582,3576
TOI-3819 b,3.2443141,0.04611,13.137,0.404,-0.392,352.78953,57.20911,-63.56568,6.166666987,1633,5859
TOI-3884 b,4.5445697,0.0354,6,0.18,-0.18,16.5,3.5,-1.8,4.714285714,463,3269
TOI-3912 b,3.4936264,0.0463,14.28,0.46,-0.448,129.03833,22.56582,-21.61233,5.718308929,1512,5725
TOI-3976 A b,6.607662,0.0743,12.274,0.404,-0.392,55.61997,11.75965,-11.44182,4.729730051,1295,5975
TOI-3984 A b,4.353326,0.041,7.9,0.24,-0.24,44,8.7,-8,5.057471264,563,3476
TOI-4010 b,1.348335,0.0229,3.02,0.08,-0.08,11,1.29,-1.27,8.527131783,1441,4960
TOI-4010 c,5.414654,0.058,5.93,0.11,-0.12,20.31,2.13,-2.11,9.535211268,907,4960
TOI-4010 d,14.70886,0.113,6.18,0.14,-0.15,38.15,3.27,-3.22,11.66666667,650,4960
TOI-4087 b,3.1774835,0.04469,13.047,0.28,-0.269,232.01474,44.49598,-44.49598,5.214285425,1458,6060
TOI-4127 b,56.39879,0.3081,12.285,0.437,-0.359,731.00534,34.96112,-34.96112,20.90909387,605,6096
TOI-4137 b,3.8016122,0.05222,13.574,0.448,-0.437,457.67291,54.03083,-47.67426,8.470588181,1570,6202
TOI-4145 A b,4.0664428,0.04823,13.305,0.359,-0.347,136.66622,41.31769,-41.31769,3.307692661,1074,5281
TOI-4201 b,3.5819194,0.04,13.675,0.448,-0.448,788.21445,28.60456,-28.60456,27.55555233,725,3794
TOI-421 b,5.19672,0.056,2.68,0.19,-0.18,7.17,0.66,-0.66,10.86363636,981,5325
TOI-421 c,16.06819,0.1189,5.09,0.16,-0.15,16.42,1.06,-1.04,15.49056604,674,5325
TOI-431 b,0.490047,0.0113,1.28,0.04,-0.04,3.07,0.35,-0.35,8.771428571,1862,4850
TOI-431 d,12.46103,0.098,3.29,0.09,-0.09,9.9,1.53,-1.49,6.470588235,633,4850
TOI-4329 b,2.9223,,16.813,2.13,-2.13,143.02278,28.60456,-28.60456,4.999999301,,6000
TOI-4406 b,30.08364,0.201,11.209,0.224,-0.224,95.34852,9.53485,-9.53485,10.0000021,904,6219
TOI-4463 A b,2.8807198,0.04036,13.26,0.717,-0.504,252.35576,12.39531,-12.71314,20.35897126,1395,5640
TOI-4562 b,225.11781,0.768,12.53,0.15,-0.15,732,152,-149,4.815789474,318,6096
TOI-4582 b,31.034,,10.536,1.009,-1.345,168.44906,15.89142,-15.89142,10.6000005,,5190
TOI-4603 b,7.24599,0.0888,11.68,0.426,-0.392,4096.80817,184.34048,-181.16219,22.22413748,1677,6264
TOI-4791 b,4.28088,0.0555,12.442,0.56,-0.56,734.18362,101.70509,-104.88337,7.218750015,1472,6058
TOI-481 b,10.33111,0.097,11.097,0.112,-0.112,486.2799,9.5349,-9.5349,51,1370,5735
TOI-4860 b,1.52275959,0.01845,8.474,0.269,-0.269,212.94503,44.49598,-44.49598,4.7857139,624,3390
TOI-500 b,0.548177,0.01189,1.166,0.061,-0.058,1.42,0.18,-0.18,7.888888889,1617,4440
TOI-5153 b,20.33003,0.158,11.882,0.448,-0.448,1036.12061,57.20911,-54.03083,18.1111122,906,6300
TOI-519 b,1.2652328,0.0159,11.545,0.336,-0.336,147.15455,26.06193,-27.9689,5.646341234,687,3322
TOI-5205 b,1.630757,0.0199,11.6,0.3,-0.3,343,18,-17,19.05555556,737,3430
TOI-5293 A b,2.930289,0.034,11.9,0.4,-0.4,170.4,21.8,-21.9,7.816513761,675,3586
TOI-530 b,6.387597,0.052,9.303,0.673,-0.673,127.13136,28.60456,-31.78284,4.444443823,565,3659
TOI-532 b,2.3266508,0.0296,5.82,0.19,-0.19,61.5,9.7,-9.3,6.340206186,867,3927
TOI-5542 b,75.12375,0.332,11.31,0.404,-0.392,419.5335,31.78284,-31.78284,13.20000038,441,5700
TOI-558 b,14.574071,0.1291,12.173,0.46,-0.426,1147.36055,47.67426,-47.67426,24.06666721,1061,6466
TOI-559 b,6.9839095,0.0723,12.229,0.314,-0.28,1910.14873,76.27882,-73.10053,25.04166596,1180,5925
TOI-561 b,0.4465688,0.0106,1.425,0.037,-0.037,2,0.23,-0.23,8.695652174,2310,5372
TOI-561 c,10.778831,0.0884,2.91,0.04,-0.04,5.39,0.69,-0.68,7.811594203,800,5372
TOI-564 b,1.651144,0.02734,11.433,7.958,-3.251,464.98529,31.783,-30.51168,14.63,1714,5640
TOI-5678 b,47.73022,0.249,4.91,0.08,-0.08,20,4,-4,5,513,5485
TOI-615 b,4.6615983,0.0678,18.977,0.583,-0.639,138.25536,27.33324,-26.06193,5.058140199,1666,6850
TOI-622 b,6.402513,0.0708,9.236,0.314,-0.325,96.30201,21.93016,-22.88365,4.391304487,1388,6400
TOI-628 b,3.4095675,0.0486,11.882,0.46,-0.381,2011.8639,92.1707,-98.5273,21.82758621,1586,6250
TOI-640 b,5.0037775,0.06608,19.851,0.673,-0.628,279.6904,50.8528,-50.8528,5.5,1749,6460
TOI-674 b,1.977143,0.025,5.25,0.17,-0.17,23.6,3.3,-3.3,7.151515152,635,3514
TOI-677 b,11.2366,0.1038,13.115,0.336,-0.336,392.83788,21.93027,-21.29461,17.91304348,1252,6295
TOI-733 b,4.884765,0.0618,1.992,0.085,-0.09,5.72,0.7,-0.68,8.171428571,1056,5585
TOI-763 b,5.6057,0.06,2.28,0.11,-0.11,9.79,0.78,-0.78,12.55128205,1038,5450
TOI-763 c,12.2737,0.1011,2.63,0.12,-0.12,9.32,1.02,-1.02,9.137254902,800,5450
TOI-776 b,8.24661,0.0652,1.85,0.13,-0.13,4,0.9,-0.9,4.444444444,514,3709
TOI-776 c,15.6653,0.1,2.02,0.14,-0.14,5.3,1.8,-1.8,2.944444444,415,3709
TOI-778 b,4.633611,0.06,15.4,0.5,-0.5,878,77,-72,11.4025974,1561,6643
TOI-784 b,2.7970365,0.038,1.93,0.11,-0.09,9.67,0.83,-0.82,11.65060241,,5558
TOI-824 b,1.392978,0.02177,2.926,0.202,-0.191,18.467,1.843,-1.875,10.02007596,1253,4600
TOI-836 b,3.81673,0.0422,1.704,0.067,-0.067,4.53,0.92,-0.86,4.923913043,871,4552
TOI-836 c,8.59545,0.075,2.587,0.088,-0.088,9.6,2.7,-2.5,3.555555556,665,4552
TOI-849 b,0.76552414,0.01598,3.444,0.157,-0.115,39.09,2.66,-2.55,14.69548872,,5373.8
TOI-858 B b,3.2797178,0.04435,14.067,0.437,-0.437,349.61125,25.42627,-22.24799,13.75000147,1529,5842
TOI-892 b,10.62656,0.092,11.994,0.224,-0.224,301.9385,22.2481,-22.2481,13.57142857,1397,6261
TOI-905 b,3.739494,0.04666,13.126,0.594,-0.572,211.99261,13.34886,-13.03103,15.88095238,1192,5570
TOI-908 b,3.183792,0.041657,3.186,0.155,-0.155,16.137,4.112,-4.039,3.924367704,1317,5626
TOI-954 b,3.6849729,0.04963,9.55,0.594,-0.695,55.30242,5.72094,-5.40311,9.666666667,1526,5710
TOI-969 b,1.8237305,0.02636,2.765,0.088,-0.097,9.1,1,-1,9.1,941,4435
TRAPPIST-1 b,1.510826,0.01154,1.116,0.014,-0.012,1.374,0.069,-0.069,19.91304348,,2566
TRAPPIST-1 c,2.421937,0.0158,1.097,0.014,-0.012,1.308,0.056,-0.056,23.35714286,,2566
TRAPPIST-1 d,4.049219,0.02227,0.788,0.011,-0.01,0.388,0.012,-0.012,32.33333333,,2566
TRAPPIST-1 e,6.101013,0.02925,0.92,0.013,-0.012,0.692,0.022,-0.022,31.45454545,,2566
TRAPPIST-1 f,9.20754,0.03849,1.045,0.013,-0.012,1.039,0.031,-0.031,33.51612903,,2566
TRAPPIST-1 g,12.352446,0.04683,1.129,0.015,-0.013,1.321,0.038,-0.038,34.76315789,,2566
TRAPPIST-1 h,18.772866,0.06189,0.755,0.014,-0.014,0.326,0.02,-0.02,16.3,,2566
TrES-1 b,3.03007,,12.666,0.673,-0.673,266.9772,34.9613,-34.9613,7.636363636,,5230
TrES-2 b,2.47063,,15.244,0.897,-0.897,473.5667,69.9226,-69.9226,6.772727273,,5850
TrES-3 b,1.30618581,0.02282,14.975,0.347,-0.415,607.03,23.836,-25.425,25.46694076,,5650
TrES-4 b,3.55395,,18.046,2.018,-2.018,247.9074,60.3877,-60.3877,4.105263158,,6200
TrES-5 b,1.48224686,0.02459,13.384,0.168,-0.168,568.9157,21.61244,-21.61244,26.32352941,1480,5171
VHS J125601.92-125723.9 b,5800000,350,13.675,,,5085.25451,317.82841,-317.82841,15.99999984,1194,
WASP-1 b,2.5199454,0.03889,16.623,0.269,-0.381,271.415,18.116,-16.526,14.98206006,,
WASP-10 b,3.0927616,0.03781,12.106,0.224,-0.224,1001.12,41.32,-34.96,24.22846079,1370,4675
WASP-100 b,2.84938,,14.908,1.569,-1.569,400.4658,143.0235,-143.0235,2.8,,6900
WASP-101 b,3.58572,,16.029,1.009,-1.009,162.0933,25.4264,-25.4264,6.375,,6380
WASP-103 b,0.925542,0.01985,17.127,0.818,-0.527,473.547,27.968,-27.968,16.93174342,2508,6110
WASP-104 b,1.7554137,0.02918,12.745,0.415,-0.415,404.263,14.937,-14.937,27.06453773,1516,5475
WASP-105 b,7.87288,0.075,10.761,0.336,-0.336,572.094,31.783,-31.783,18,900,5070
WASP-106 b,9.28971,,11.433,3.363,-3.363,514.8846,298.7602,-298.7602,1.723404255,,6055
WASP-11 b,3.72247,,12.442,1.121,-1.121,251.0857,54.0311,-54.0311,4.647058824,,4800
WASP-110 b,3.77840121,,13.877,0.628,-0.628,162.09249,20.34102,-20.34102,7.968749355,,5400
WASP-113 b,4.54216875,0.05885,15.793,1.076,-1.569,150.96925,17.16282,-16.52716,8.796296296,1496,5890
WASP-114 b,1.5487743,0.02851,15.009,0.717,-0.717,562.24127,20.34112,-20.34112,27.640625,2043,5940
WASP-117 b,10.02165,,11.882,0.785,-0.785,95.349,15.8915,-15.8915,6,,6040
WASP-118 b,4.0460435,0.05453,16.141,0.404,-0.404,163.36462,6.3566,-6.3566,25.7,1729,6410
WASP-119 b,2.49979,0.0363,15.693,2.242,-2.242,390.9309,25.4264,-25.4264,15.375,1600,5650
WASP-12 b,1.09142,0.0232,21.712,0.628,-0.628,465.62095,25.10857,-25.10857,18.5443038,2593,6360
WASP-120 b,3.6112706,0.0514,16.511,1.076,-1.076,1541.4755,66.7443,-66.7443,23.0952381,1880,6450
WASP-121 b,1.27492504,0.02596,19.649,0.404,-0.404,367.72747,22.24799,-22.24799,16.52857045,,
WASP-123 b,2.9776412,0.04263,14.773,0.729,-0.729,285.72917,11.44188,-11.44188,24.97222222,1520,5740
WASP-124 b,3.37265,0.0449,13.899,0.336,-0.336,190.698,22.2481,-22.2481,8.571428571,1400,6050
WASP-127 b,4.17806203,0.0484,14.695,0.28,-0.325,52.3466,6.80156,-5.46668,7.696263798,,
WASP-129 b,5.748145,0.0628,10.424,0.336,-0.336,317.83,31.783,-31.783,10,1100,5900
WASP-13 b,4.35301,,13.675,1.569,-1.569,114.4188,28.6047,-28.6047,4,,5950
WASP-130 b,11.55098,0.1012,9.976,0.336,-0.336,390.9309,12.7132,-12.7132,30.75,833,5625
WASP-131 b,5.322023,0.0607,13.675,0.56,-0.56,85.8141,6.3566,-6.3566,13.5,1460,6030
WASP-133 b,2.176423,0.0345,13.563,0.56,-0.56,368.6828,28.6047,-28.6047,12.88888889,1790,5700
WASP-135 b,1.4013794,0.0243,14.572,1.009,-1.009,603.877,25.4264,-25.4264,23.75,,5675
WASP-136 b,5.215357,0.0661,15.468,1.793,-1.793,479.9233,25.4264,-25.4264,18.875,1742,6260
WASP-138 b,3.634433,0.0494,12.218,0.56,-0.56,387.7526,25.4264,-25.4264,15.25,1590,6272
WASP-139 b,5.924262,0.062,8.967,0.56,-0.56,37.18611,5.40311,-5.40311,6.882352941,910,5310
WASP-14 b,2.24375,,15.468,0.897,-0.897,2809.6172,444.962,-444.962,6.314285714,,6475
WASP-140 b,2.2359835,0.0323,16.141,4.708,-2.018,775.5052,22.2481,-22.2481,34.85714286,1320,5260
WASP-141 b,3.310651,0.0469,13.563,0.897,-0.897,854.9627,47.6745,-47.6745,17.93333333,1540,5900
WASP-142 b,2.052868,0.0347,17.15,0.897,-0.897,266.9772,28.6047,-28.6047,9.333333333,2000,6010
WASP-144 b,2.2783152,0.0316,9.528,0.56,-0.56,139.8452,19.0698,-19.0698,7.333333333,1260,5200
WASP-145 A b,1.7690381,0.0261,10.088,4.484,-4.484,282.8687,12.7132,-12.7132,22.25,1200,4900
WASP-147 b,4.60273,0.0549,12.498,1.569,-1.042,87.40325,8.89924,-8.58141,9.821428571,1404,5702
WASP-148 b,8.803809,0.08215,8.474,0.146,-0.191,91.21675,6.99222,-5.08525,13.04546339,,5555
WASP-15 b,3.7521,,15.805,4.035,-4.035,171.6282,92.1707,-92.1707,1.862068966,,6300
WASP-150 b,5.644207,0.0694,11.994,0.269,-0.28,2688.8418,88.9924,-63.566,30.21428571,1460,6218
WASP-151 b,4.5334775,0.055,13.305,0.235,-0.235,100.43378,9.85268,-9.85268,10.19354937,1312,
WASP-153 b,3.332609,0.048,17.374,1.121,-0.897,123.9537,6.3566,-6.3566,19.5,1700,5914
WASP-156 b,3.836169,0.0453,5.717,0.224,-0.224,40.68224,3.1783,-2.86047,12.8,970,4910
WASP-158 b,3.656333,0.0517,11.994,1.681,-1.681,886.7457,73.1009,-73.1009,12.13043478,1590,6350
WASP-159 b,3.840401,0.0538,15.468,1.009,-1.009,174.8065,25.4264,-25.4264,6.875,1850,6120
WASP-16 b,3.1186,,13.675,1.121,-1.121,394.1092,79.4575,-79.4575,4.96,,5700
WASP-160 B b,3.7684952,0.0452,12.218,0.527,-0.46,88.35674,13.98452,-14.30235,6.318181818,1119,5298
WASP-161 b,5.4060425,0.0673,12.812,0.729,-0.65,791.3967,66.7443,-66.7443,11.85714286,1557,6400
WASP-162 b,9.62468,0.0871,11.209,0.56,-0.56,1652.716,63.566,-63.566,26,910,5300
WASP-163 b,1.6096884,0.0266,13.473,1.087,-1.087,594.3421,66.7443,-66.7443,8.904761905,1638,5500
WASP-164 b,1.7771255,0.02818,12.644,0.46,-0.482,676.9779,38.1396,-41.3179,17.75,1610,5806
WASP-165 b,3.465509,0.04823,14.123,2.13,-1.906,209.13214,30.82951,-29.24036,6.783505155,1624,5599
WASP-166 b,5.44354,0.0641,7.062,0.336,-0.336,32.10083,1.58915,-1.58915,20.2,1270,6050
WASP-168 b,4.153658,0.0519,16.814,5.604,-3.363,133.4886,12.7132,-12.7132,10.5,1340,6000
WASP-169 b,5.6114118,0.0681,14.617,1.681,-0.818,178.30263,19.38763,-19.38763,9.196721311,1604,6110
WASP-17 b,3.73543,,20.961,2.69,-2.69,247.9074,73.1009,-73.1009,3.391304348,,6550
WASP-170 b,2.34478022,0.0337,12.285,0.953,-0.953,508.528,63.566,-63.566,8,1422,5600
WASP-171 b,3.8186244,0.0504,10.985,0.785,-0.448,344.52772,29.87602,-29.87602,11.53191489,1642,5965
WASP-172 b,5.477433,0.0694,17.598,1.121,-1.121,149.3801,31.783,-31.783,4.7,1740,6900
WASP-173 A b,1.38665318,0.0248,13.451,0.673,-0.673,1172.7927,57.2094,-57.2094,20.5,1880,5800
WASP-174 b,4.2337005,0.05503,16.107,0.56,-0.56,104.88337,28.92239,-28.92239,3.626372855,1528,6399
WASP-175 b,3.0652907,0.04403,13.54,0.908,-0.908,314.6517,41.3179,-41.3179,7.615384615,1571,6229
WASP-176 b,3.899052,0.0535,16.87,0.56,-0.504,271.74465,22.88376,-21.93027,11.875,1721,5941
WASP-177 b,3.071722,0.03957,17.71,7.398,-4.035,161.45764,12.07754,-12.07754,13.36842105,1142,5017
WASP-178 b,3.3448285,0.0558,20.288,1.009,-1.009,527.5978,38.1396,-38.1396,13.83333333,2470,9360
WASP-18 b,0.94145223,0.02024,13.899,0.886,-0.886,3241.84975,111.23994,-111.23994,29.14285777,2429,6432
WASP-180 A b,3.409264,0.048,13.899,0.448,-0.448,286.047,31.783,-31.783,9,1540,6600
WASP-181 b,4.5195064,0.05427,13.271,0.796,-0.661,95.03117,10.80622,-10.80622,8.794117647,1186,5839
WASP-182 b,3.3769848,0.0451,9.528,0.336,-0.336,47.03884,3.49613,-3.49613,13.45454545,1479,5638
WASP-183 b,4.1117771,0.04632,16.477,10.536,-3.699,159.55066,14.93801,-14.93801,10.68085106,1111,5313
WASP-184 b,5.1817,0.0627,14.908,1.009,-1.009,181.1631,31.783,-31.783,5.7,1480,6000
WASP-185 b,9.38755,0.0904,14.011,0.897,-0.897,311.4734,19.0698,-19.0698,16.33333333,1160,5900
WASP-186 b,5.026799,0.06,12.442,0.336,-0.336,1341.2426,57.2094,-57.2094,23.44444444,,6361
WASP-187 b,5.147878,0.0653,18.383,0.56,-0.56,254.264,28.6047,-28.6047,8.888888889,,6150
WASP-189 b,2.724033,0.05053,18.147,0.235,-0.235,632.47853,50.85255,-44.49598,12.43749881,3353,8000
WASP-19 b,0.78883852,0.01652,15.861,0.493,-0.538,366.77398,24.79062,-25.42627,14.79486919,2113,5616
WASP-190 b,5.367753,0.0663,12.89,1.009,-1.009,317.83,31.783,-31.783,10,1500,6400
WASP-192 b,2.8786765,0.0408,13.787,0.897,-0.897,731.009,50.8528,-50.8528,14.375,1620,5910
WASP-193 b,6.2463345,0.0676,16.41,0.661,-0.639,44.17815,9.21702,-9.21702,4.793105581,1254,6078
WASP-2 b,2.152175,0.03144,12.117,0.46,-0.448,295.89973,19.0698,-18.43414,15.51666667,1311,5180
WASP-20 b,4.8996284,0.06,16.388,0.661,-0.661,98.841,5.403,-5.403,18.29372571,1379,5940
WASP-21 b,4.322482,0.052,11.99,0.56,-0.56,95.345,3.496,-3.496,27.27259725,,
WASP-22 b,3.53269,,13.787,1.569,-1.569,212.9461,60.3877,-60.3877,3.526315789,,6000
WASP-23 b,2.9444256,0.0376,10.783,0.527,-0.628,280.95,27.968,-31.464,10.04540904,,5150
WASP-24 b,2.34121,,15.468,1.793,-1.793,394.1092,92.1707,-92.1707,4.275862069,,6075
WASP-25 b,3.76483,,11.994,1.121,-1.121,139.8452,31.783,-31.783,4.4,,5750
WASP-26 b,2.7566,,13.563,1.681,-1.681,270.1555,73.1009,-73.1009,3.695652174,,6034
WASP-28 b,3.40883495,0.0442,13.664,0.314,-0.314,282.54945,18.43405,-18.43405,15.32758401,1456,
WASP-29 b,3.92273,,8.631,0.785,-0.785,73.1009,15.8915,-15.8915,4.6,,4800
WASP-3 b,1.84683,,15.917,1.906,-1.906,772.3269,168.4499,-168.4499,4.58490566,,6400
WASP-31 b,3.4059096,0.04659,17.363,0.56,-0.56,151.916,9.217,-9.217,16.48215254,,6302
WASP-32 b,2.71866,,10.761,1.681,-1.681,835.8929,260.6206,-260.6206,3.207317073,,6140
WASP-33 b,1.21987,0.0239,17.856,0.829,-0.829,665.21819,44.17837,-44.17837,15.05755396,2782,7430
WASP-34 b,4.31768,,11.209,0.897,-0.897,177.9848,54.0311,-54.0311,3.294117647,,5700
WASP-35 b,3.16158,,14.572,0.785,-0.785,225.6593,31.783,-31.783,7.1,,5990
WASP-36 b,1.53736596,0.02677,14.874,0.235,-0.235,750.39663,22.2481,-22.2481,33.72857143,1733,5959
WASP-37 b,3.577469,0.0446,13.002,0.785,-0.673,572.07,54.029,-54.029,10.58820263,,5800
WASP-38 b,6.87188,,13.787,0.673,-0.673,1093.3352,114.4188,-114.4188,9.555555556,,6180
WASP-39 b,4.055259,0.0486,14.235,0.448,-0.448,88.989,9.535,-9.535,9.332878867,,5400
WASP-4 b,1.33823147,0.0226,14.807,0.437,-0.437,376.94638,28.6047,-31.14734,13.17777778,,5400
WASP-41 b,3.0524,,12.33,0.56,-0.56,270.1555,34.9613,-34.9613,7.727272727,,5545
WASP-42 b,4.9816819,0.0561,12.576,0.437,-0.437,167.49641,8.89924,-8.89924,18.82142857,1021,5315
WASP-43 b,0.813475,0.0142,10.424,0.785,-1.009,565.714,31.782,-31.782,17.7998238,,4400
WASP-44 b,2.423804,0.03453,12.33,0.908,-0.852,276.5121,20.02329,-19.70546,13.80952381,1337,5420
WASP-45 b,3.126089,0.03963,10.604,0.65,-0.572,306.38812,18.43414,-17.79848,16.62068966,1153,5150
WASP-46 b,1.43036763,0.02335,13.159,0.415,-0.415,607.0553,41.3179,-41.3179,14.69230769,1636,5600
WASP-47 b,4.1591492,,12.64,0.15,-0.15,363.6,7.3,-7.3,49.80821918,,5552
WASP-47 d,9.03055,,3.567,0.045,-0.045,14.2,1.3,-1.3,10.92307692,,5552
WASP-47 e,0.7895933,,1.808,0.026,-0.026,6.77,0.57,-0.57,11.87719298,,5552
WASP-48 b,2.14363,,16.814,2.242,-2.242,254.264,73.1009,-73.1009,3.47826087,,5920
WASP-49 b,2.78174,,12.442,1.233,-1.233,117.5971,25.4264,-25.4264,4.625,,5600
WASP-5 b,1.6284279,0.0267,12.184,0.762,-0.796,502.15,41.32,-31.78,12.15271055,1706,5700
WASP-50 b,1.9551,0.0293,13.07,0.482,-0.482,466.8287,29.24036,-29.24036,15.96521725,1395,5400
WASP-52 b,1.7497798,0.0272,14.24,0.34,-0.34,146.2,6.36,-6.36,22.98742138,1315,5000
WASP-53 b,3.3098443,0.04101,12.038,0.415,-0.415,677.61356,29.24036,-29.87602,23.17391304,1053,4953
WASP-54 b,3.69364,,17.71,1.906,-1.906,187.5197,44.4962,-44.4962,4.214285714,,6100
WASP-55 b,4.46563,,14.908,1.457,-1.457,193.8763,41.3179,-41.3179,4.692307692,,5900
WASP-56 b,4.6171,,10.536,1.009,-1.009,143.0235,28.6047,-28.6047,5,,5600
WASP-57 b,2.83891856,0.03769,11.769,0.594,-0.594,204.68252,19.70546,-19.70546,10.38709677,1338,5600
WASP-58 b,5.01718,,16.029,1.569,-1.569,308.2951,88.9924,-88.9924,3.464285714,,5800
WASP-59 b,7.919585,0.0697,8.687,0.762,-0.762,274.276,14.302,-14.302,19.1774577,670,4650
WASP-6 b,3.36101,,11.545,1.121,-1.121,117.5971,25.4264,-25.4264,4.625,,5450
WASP-60 b,4.305,,9.864,1.345,-1.345,174.8065,60.3877,-60.3877,2.894736842,,5900
WASP-61 b,3.8559,,15.805,2.466,-2.466,851.7844,266.9772,-266.9772,3.19047619,,6250
WASP-62 b,4.41195,,14.796,0.897,-0.897,165.2716,25.4264,-25.4264,6.5,,6230
WASP-63 b,4.37808,,15.805,1.569,-1.569,117.5971,28.6047,-28.6047,4.111111111,,5550
WASP-64 b,1.5732918,0.02648,14.247,0.437,-0.437,403.945,21.612,-21.612,18.69077364,1689,5400
WASP-65 b,2.3114243,0.0334,12.464,0.661,-0.661,492.62,50.85,-50.85,9.687708948,1480,5600
WASP-66 b,4.08605,,15.693,3.139,-3.139,746.9005,311.4734,-311.4734,2.397959184,,6600
WASP-67 b,4.61442,,12.89,1.233,-1.233,136.6669,28.6047,-28.6047,4.777777778,,5200
WASP-68 b,5.0843,,14.796,1.569,-1.569,343.2564,79.4575,-79.4575,4.32,,5910
WASP-69 b,3.86814,,12.442,0.448,-0.448,92.1707,9.5349,-9.5349,9.666666667,,4700
WASP-7 b,4.9546416,0.0617,14.908,1.042,-1.042,305.1168,41.3179,-41.3179,7.384615385,1487,6400
WASP-70 A b,3.7130203,0.04853,13.047,0.818,-1.143,187.512,6.992,-6.992,26.8180778,1387,5763
WASP-71 b,2.90367,,13.227,1.345,-1.345,441.7837,104.8839,-104.8839,4.212121212,,6050
WASP-72 b,2.21673,,14.46,2.018,-2.018,731.009,222.481,-222.481,3.285714286,,6250
WASP-73 b,4.08722,,15.917,2.466,-2.466,908.9938,292.4036,-292.4036,3.108695652,,6030
WASP-74 b,2.13775,,15.244,1.121,-1.121,228.8376,38.1396,-38.1396,6,,5990
WASP-75 b,2.484193,0.0375,14.235,0.538,-0.538,340.06,15.89,-15.89,21.40088106,1710,6100
WASP-76 b,1.809886,0.033,20.512,0.673,-0.448,292.4036,9.5349,-9.5349,30.66666667,2160,6250
WASP-77 A b,1.36002854,0.02335,13.787,0.347,-0.325,529.81995,21.61233,-20.34102,24.51470758,1715,5617
WASP-78 b,2.17518,,21.633,5.044,-5.044,352.7913,171.6282,-171.6282,2.055555556,,6100
WASP-79 b,3.662392,0.0519,17.15,0.448,-0.448,270.15415,25.42627,-25.42627,10.62500123,1716,6600
WASP-8 b,8.15872,,12.666,0.56,-0.56,807.2882,104.8839,-104.8839,7.696969697,,5600
WASP-80 b,3.06785234,0.0344,11.198,0.336,-0.347,170.99254,11.12405,-11.44188,15.37142857,825,4143
WASP-81 b,2.7164762,0.03908,16.018,0.572,-0.516,231.69807,11.44188,-11.12405,20.25,1623,5870
WASP-82 b,2.70579,,18.159,1.457,-1.457,371.8611,63.566,-63.566,5.85,,6480
WASP-83 b,4.971252,0.059,11.657,0.897,-0.56,95.349,9.5349,-9.5349,10,1120,5510
WASP-84 b,8.52349648,0.0778,10.72,0.27,-0.27,220,18,-18,12.22222222,732,
WASP-84 c,1.4468849,0.02359,1.95,0.12,-0.12,15.2,4.5,-4.2,3.377777778,1329,
WASP-85 A b,2.6556777,0.039,13.899,0.336,-0.336,402.05495,20.65895,-20.65895,19.46153846,1452,6112
WASP-87 b,1.682795,0.02946,15.524,0.673,-0.673,692.8694,47.6745,-47.6745,14.53333333,,6450
WASP-88 b,4.954,,16.365,2.354,-2.354,133.4886,44.4962,-44.4962,3,,6430
WASP-89 b,3.3564227,0.0427,11.657,0.448,-0.448,1875.197,127.132,-127.132,14.75,1120,5130
WASP-90 b,3.916243,0.0562,18.271,1.009,-1.009,200.2329,22.2481,-22.2481,9,1840,6430
WASP-91 b,2.798581,0.037,11.545,0.448,-0.448,425.8922,25.4264,-25.4264,16.75,1160,4920
WASP-92 b,2.1746742,0.0348,16.376,0.863,-0.863,255.85315,21.61244,-21.61244,11.83823529,1871,6280
WASP-93 b,2.7325321,0.04211,17.901,0.863,-0.863,467.2101,92.1707,-92.1707,5.068965517,1942,6700
WASP-94 A b,3.95019,,17.71,1.457,-1.457,158.915,41.3179,-41.3179,3.846153846,,6170
WASP-95 b,2.18467,,13.787,1.009,-1.009,457.6752,88.9924,-88.9924,5.142857143,,5830
WASP-96 b,3.4252602,0.0453,13.45,0.67,-0.67,152.55,9.53,-9.53,16.00734523,1285,5540
WASP-97 b,2.07276,,12.778,0.673,-0.673,432.2488,60.3877,-60.3877,7.157894737,,5640
WASP-98 b,2.96264036,0.03762,12.823,0.381,-0.381,293.03926,25.4264,-25.4264,11.525,1171,5473
WASP-99 b,5.75251,,11.433,0.673,-0.673,772.3269,117.5971,-117.5971,6.567567568,,6150
Wendelstein-1 b,2.663416,0.0282,11.561,0.068,-0.068,188.15536,52.44195,-41.00007,3.587878788,2198,4251
Wendelstein-2 b,1.7522239,0.0234,12.993,0.229,-0.235,232.33373,171.94603,-98.84513,1.351201479,2470,4591
Wolf 503 b,6.00127,0.05712,2.043,0.069,-0.069,6.27,0.85,-0.84,7.376470588,789,4716
WTS-1 b,3.352057,0.047,16.7,1.79,-2.02,1274.44,111.24,-111.24,11.45667026,1500,6250
WTS-2 b,1.0187068,0.01855,15.278,0.684,-0.684,355.9696,50.8528,-50.8528,7,2000,5000
XO-1 b,3.94153,,12.778,0.785,-0.785,263.7989,41.3179,-41.3179,6.384615385,,5750
XO-2 N b,2.61586178,0.0368,11.131,0.135,-0.135,179.89178,7.94575,-7.94575,22.64,,
XO-3 b,3.19154,,15.805,1.345,-1.345,2316.9807,378.2177,-378.2177,6.12605042,,6429
XO-4 b,4.12508,,14.011,0.897,-0.897,451.3186,60.3877,-60.3877,7.473684211,,6397
XO-5 b,4.1877558,0.0515,12.78,0.34,-0.34,378.2,9.53,-9.53,39.68520462,1230,5430
XO-7 b,2.8641424,0.04421,15.39,0.291,-0.291,225.34147,10.80622,-10.80622,20.85294118,1743,6250